record_id,case_id,legacy_case_id,incident_cluster_id,title,field,field_label,applicability,v2_state,v3_primary_state,v3_boundary_inclusive_state,new_state,primary_supported_components,boundary_inclusive_supported_components,boundary_components,primary_component_count,boundary_inclusive_component_count,source_url,source_locator,source_snapshot,source_hash,url_status,source_relationship,source_provenance_status,v3_analysis_note,v4_primary_state,v4_boundary_state,v4_minimal_core_state,v4_state_rule,v4_analysis_note,legacy_v4_primary_state,legacy_v4_boundary_state,v5_primary_state,v5_boundary_state,v5_primary_state_label,v5_boundary_state_label,v5_state_definition,v5_review_method,inherited_incident_cluster_id,canonical_cluster_id,v6_primary_state,v6_boundary_state,v6_state_definition,non_recovery_cause_status
V25R001,AIID01,AIID01,CL001,Uber Autonomous Cars Running Red Lights,exposure,Exposure opportunity framework,applicable,partial,partial,partial,partial,['unit'],['unit'],[],1,1,,,,,,,,Inherited v3 legacy field retained for one-to-one audit mapping; v4 interpretation uses model-supported support and the v4 strict/minimal-core rules.,partial,partial,partial,strict rule: all field components required for present; minimal-core rule is exploratory sensitivity only,Model-supported support is not externally calibrated and no independent second human coder was used.,partial,partial,partial_support,partial_support,Partial support,Partial support,Retained-evidence recoverability state; not organizational presence or absence,AI-assisted semantic audit with author confirmation of changed and low-confidence decisions,8,CL001,partial_support,partial_support,retained-documentation recoverability under author-defined rules; not organizational practice,
V25R001,AIID01,AIID01,CL001,Uber Autonomous Cars Running Red Lights,follow_up,Follow-up window,applicable,absent,absent,absent,absent,[],[],[],0,0,,,,,,,,Inherited v3 legacy field retained for one-to-one audit mapping; v4 interpretation uses model-supported support and the v4 strict/minimal-core rules.,absent,absent,absent,strict rule: all field components required for present; minimal-core rule is exploratory sensitivity only,Model-supported support is not externally calibrated and no independent second human coder was used.,absent,absent,not_recovered,not_recovered,Not recovered,Not recovered,Retained-evidence recoverability state; not organizational presence or absence,AI-assisted semantic audit with author confirmation of changed and low-confidence decisions,8,CL001,not_recovered,not_recovered,retained-documentation recoverability under author-defined rules; not organizational practice,indeterminate_from_retained_bundle
V25R001,AIID01,AIID01,CL001,Uber Autonomous Cars Running Red Lights,closure,Closure basis,applicable,absent,absent,absent,absent,[],[],[],0,0,,,,,,,,Inherited v3 legacy field retained for one-to-one audit mapping; v4 interpretation uses model-supported support and the v4 strict/minimal-core rules.,absent,absent,absent,strict rule: all field components required for present; minimal-core rule is exploratory sensitivity only,Model-supported support is not externally calibrated and no independent second human coder was used.,absent,absent,not_recovered,not_recovered,Not recovered,Not recovered,Retained-evidence recoverability state; not organizational presence or absence,AI-assisted semantic audit with author confirmation of changed and low-confidence decisions,8,CL001,not_recovered,not_recovered,retained-documentation recoverability under author-defined rules; not organizational practice,indeterminate_from_retained_bundle
V25R002,AIID02,AIID02,CL002,"Google and Delphi Self-Driving Prototypes Allegedly Involved in Near-Miss on San Antonio Road, Palo Alto",exposure,Exposure opportunity framework,applicable,partial,partial,partial,partial,"['unit', 'coverage']","['unit', 'coverage']",[],2,2,,,,,,,,Inherited v3 legacy field retained for one-to-one audit mapping; v4 interpretation uses model-supported support and the v4 strict/minimal-core rules.,partial,partial,partial,strict rule: all field components required for present; minimal-core rule is exploratory sensitivity only,Model-supported support is not externally calibrated and no independent second human coder was used.,partial,partial,partial_support,partial_support,Partial support,Partial support,Retained-evidence recoverability state; not organizational presence or absence,AI-assisted semantic audit with author confirmation of changed and low-confidence decisions,25,CL002,partial_support,partial_support,retained-documentation recoverability under author-defined rules; not organizational practice,
V25R002,AIID02,AIID02,CL002,"Google and Delphi Self-Driving Prototypes Allegedly Involved in Near-Miss on San Antonio Road, Palo Alto",follow_up,Follow-up window,applicable,absent,absent,absent,absent,[],[],[],0,0,,,,,,,,Inherited v3 legacy field retained for one-to-one audit mapping; v4 interpretation uses model-supported support and the v4 strict/minimal-core rules.,absent,absent,absent,strict rule: all field components required for present; minimal-core rule is exploratory sensitivity only,Model-supported support is not externally calibrated and no independent second human coder was used.,absent,absent,not_recovered,not_recovered,Not recovered,Not recovered,Retained-evidence recoverability state; not organizational presence or absence,AI-assisted semantic audit with author confirmation of changed and low-confidence decisions,25,CL002,not_recovered,not_recovered,retained-documentation recoverability under author-defined rules; not organizational practice,indeterminate_from_retained_bundle
V25R002,AIID02,AIID02,CL002,"Google and Delphi Self-Driving Prototypes Allegedly Involved in Near-Miss on San Antonio Road, Palo Alto",closure,Closure basis,applicable,absent,absent,absent,absent,[],[],[],0,0,,,,,,,,Inherited v3 legacy field retained for one-to-one audit mapping; v4 interpretation uses model-supported support and the v4 strict/minimal-core rules.,absent,absent,absent,strict rule: all field components required for present; minimal-core rule is exploratory sensitivity only,Model-supported support is not externally calibrated and no independent second human coder was used.,absent,absent,not_recovered,not_recovered,Not recovered,Not recovered,Retained-evidence recoverability state; not organizational presence or absence,AI-assisted semantic audit with author confirmation of changed and low-confidence decisions,25,CL002,not_recovered,not_recovered,retained-documentation recoverability under author-defined rules; not organizational practice,indeterminate_from_retained_bundle
V25R003,AIID03,AIID03,CL003,A Tesla Crashed into and Killed a Road Sweeper on a Highway in China,exposure,Exposure opportunity framework,applicable,absent,absent,absent,absent,[],[],[],0,0,,,,,,,,Inherited v3 legacy field retained for one-to-one audit mapping; v4 interpretation uses model-supported support and the v4 strict/minimal-core rules.,absent,absent,absent,strict rule: all field components required for present; minimal-core rule is exploratory sensitivity only,Model-supported support is not externally calibrated and no independent second human coder was used.,absent,absent,not_recovered,not_recovered,Not recovered,Not recovered,Retained-evidence recoverability state; not organizational presence or absence,AI-assisted semantic audit with author confirmation of changed and low-confidence decisions,231,CL003,not_recovered,not_recovered,retained-documentation recoverability under author-defined rules; not organizational practice,indeterminate_from_retained_bundle
V25R003,AIID03,AIID03,CL003,A Tesla Crashed into and Killed a Road Sweeper on a Highway in China,follow_up,Follow-up window,applicable,partial,partial,partial,partial,['trace_coverage'],['trace_coverage'],[],1,1,,,,,,,,Inherited v3 legacy field retained for one-to-one audit mapping; v4 interpretation uses model-supported support and the v4 strict/minimal-core rules.,partial,partial,absent,strict rule: all field components required for present; minimal-core rule is exploratory sensitivity only,Model-supported support is not externally calibrated and no independent second human coder was used.,partial,partial,partial_support,partial_support,Partial support,Partial support,Retained-evidence recoverability state; not organizational presence or absence,AI-assisted semantic audit with author confirmation of changed and low-confidence decisions,231,CL003,partial_support,partial_support,retained-documentation recoverability under author-defined rules; not organizational practice,
V25R003,AIID03,AIID03,CL003,A Tesla Crashed into and Killed a Road Sweeper on a Highway in China,closure,Closure basis,applicable,absent,absent,absent,absent,[],[],[],0,0,,,,,,,,Inherited v3 legacy field retained for one-to-one audit mapping; v4 interpretation uses model-supported support and the v4 strict/minimal-core rules.,absent,absent,absent,strict rule: all field components required for present; minimal-core rule is exploratory sensitivity only,Model-supported support is not externally calibrated and no independent second human coder was used.,absent,absent,not_recovered,not_recovered,Not recovered,Not recovered,Retained-evidence recoverability state; not organizational presence or absence,AI-assisted semantic audit with author confirmation of changed and low-confidence decisions,231,CL003,not_recovered,not_recovered,retained-documentation recoverability under author-defined rules; not organizational practice,indeterminate_from_retained_bundle
V25R004,AIID04,AIID04,CL004,Self-driving cars in winter,exposure,Exposure opportunity framework,applicable,absent,absent,absent,absent,[],[],[],0,0,,,,,,,,Inherited v3 legacy field retained for one-to-one audit mapping; v4 interpretation uses model-supported support and the v4 strict/minimal-core rules.,absent,absent,absent,strict rule: all field components required for present; minimal-core rule is exploratory sensitivity only,Model-supported support is not externally calibrated and no independent second human coder was used.,absent,absent,not_recovered,not_recovered,Not recovered,Not recovered,Retained-evidence recoverability state; not organizational presence or absence,AI-assisted semantic audit with author confirmation of changed and low-confidence decisions,70,CL004,not_recovered,not_recovered,retained-documentation recoverability under author-defined rules; not organizational practice,indeterminate_from_retained_bundle
V25R004,AIID04,AIID04,CL004,Self-driving cars in winter,follow_up,Follow-up window,applicable,absent,absent,absent,absent,[],[],[],0,0,,,,,,,,Inherited v3 legacy field retained for one-to-one audit mapping; v4 interpretation uses model-supported support and the v4 strict/minimal-core rules.,absent,absent,absent,strict rule: all field components required for present; minimal-core rule is exploratory sensitivity only,Model-supported support is not externally calibrated and no independent second human coder was used.,absent,absent,not_recovered,not_recovered,Not recovered,Not recovered,Retained-evidence recoverability state; not organizational presence or absence,AI-assisted semantic audit with author confirmation of changed and low-confidence decisions,70,CL004,not_recovered,not_recovered,retained-documentation recoverability under author-defined rules; not organizational practice,indeterminate_from_retained_bundle
V25R004,AIID04,AIID04,CL004,Self-driving cars in winter,closure,Closure basis,applicable,absent,absent,absent,absent,[],[],[],0,0,,,,,,,,Inherited v3 legacy field retained for one-to-one audit mapping; v4 interpretation uses model-supported support and the v4 strict/minimal-core rules.,absent,absent,absent,strict rule: all field components required for present; minimal-core rule is exploratory sensitivity only,Model-supported support is not externally calibrated and no independent second human coder was used.,absent,absent,not_recovered,not_recovered,Not recovered,Not recovered,Retained-evidence recoverability state; not organizational presence or absence,AI-assisted semantic audit with author confirmation of changed and low-confidence decisions,70,CL004,not_recovered,not_recovered,retained-documentation recoverability under author-defined rules; not organizational practice,indeterminate_from_retained_bundle
V25R005,AIID05,AIID05,CL005,Google Waymo Vehicle and Bus Allegedly Collide in California,exposure,Exposure opportunity framework,applicable,partial,partial,partial,partial,"['unit', 'coverage']","['unit', 'coverage']",[],2,2,,,,,,,,Inherited v3 legacy field retained for one-to-one audit mapping; v4 interpretation uses model-supported support and the v4 strict/minimal-core rules.,partial,partial,partial,strict rule: all field components required for present; minimal-core rule is exploratory sensitivity only,Model-supported support is not externally calibrated and no independent second human coder was used.,partial,partial,partial_support,partial_support,Partial support,Partial support,Retained-evidence recoverability state; not organizational presence or absence,AI-assisted semantic audit with author confirmation of changed and low-confidence decisions,71,CL005,partial_support,partial_support,retained-documentation recoverability under author-defined rules; not organizational practice,
V25R005,AIID05,AIID05,CL005,Google Waymo Vehicle and Bus Allegedly Collide in California,follow_up,Follow-up window,applicable,absent,absent,absent,absent,[],[],[],0,0,,,,,,,,Inherited v3 legacy field retained for one-to-one audit mapping; v4 interpretation uses model-supported support and the v4 strict/minimal-core rules.,absent,absent,absent,strict rule: all field components required for present; minimal-core rule is exploratory sensitivity only,Model-supported support is not externally calibrated and no independent second human coder was used.,absent,absent,not_recovered,not_recovered,Not recovered,Not recovered,Retained-evidence recoverability state; not organizational presence or absence,AI-assisted semantic audit with author confirmation of changed and low-confidence decisions,71,CL005,not_recovered,not_recovered,retained-documentation recoverability under author-defined rules; not organizational practice,indeterminate_from_retained_bundle
V25R005,AIID05,AIID05,CL005,Google Waymo Vehicle and Bus Allegedly Collide in California,closure,Closure basis,applicable,absent,absent,absent,absent,[],[],[],0,0,,,,,,,,Inherited v3 legacy field retained for one-to-one audit mapping; v4 interpretation uses model-supported support and the v4 strict/minimal-core rules.,absent,absent,absent,strict rule: all field components required for present; minimal-core rule is exploratory sensitivity only,Model-supported support is not externally calibrated and no independent second human coder was used.,absent,absent,not_recovered,not_recovered,Not recovered,Not recovered,Retained-evidence recoverability state; not organizational presence or absence,AI-assisted semantic audit with author confirmation of changed and low-confidence decisions,71,CL005,not_recovered,not_recovered,retained-documentation recoverability under author-defined rules; not organizational practice,indeterminate_from_retained_bundle
V25R006,AIID06,AIID06,CL006,"US Air Force's Patriot Missile Mistakenly Launched at Ally Fighter Jet, Killing Two",exposure,Exposure opportunity framework,applicable,absent,absent,absent,absent,[],[],[],0,0,,,,,,,,Inherited v3 legacy field retained for one-to-one audit mapping; v4 interpretation uses model-supported support and the v4 strict/minimal-core rules.,absent,absent,absent,strict rule: all field components required for present; minimal-core rule is exploratory sensitivity only,Model-supported support is not externally calibrated and no independent second human coder was used.,absent,absent,not_recovered,not_recovered,Not recovered,Not recovered,Retained-evidence recoverability state; not organizational presence or absence,AI-assisted semantic audit with author confirmation of changed and low-confidence decisions,444,CL006,not_recovered,not_recovered,retained-documentation recoverability under author-defined rules; not organizational practice,indeterminate_from_retained_bundle
V25R006,AIID06,AIID06,CL006,"US Air Force's Patriot Missile Mistakenly Launched at Ally Fighter Jet, Killing Two",follow_up,Follow-up window,applicable,absent,absent,absent,absent,[],[],[],0,0,,,,,,,,Inherited v3 legacy field retained for one-to-one audit mapping; v4 interpretation uses model-supported support and the v4 strict/minimal-core rules.,absent,absent,absent,strict rule: all field components required for present; minimal-core rule is exploratory sensitivity only,Model-supported support is not externally calibrated and no independent second human coder was used.,absent,absent,not_recovered,not_recovered,Not recovered,Not recovered,Retained-evidence recoverability state; not organizational presence or absence,AI-assisted semantic audit with author confirmation of changed and low-confidence decisions,444,CL006,not_recovered,not_recovered,retained-documentation recoverability under author-defined rules; not organizational practice,indeterminate_from_retained_bundle
V25R006,AIID06,AIID06,CL006,"US Air Force's Patriot Missile Mistakenly Launched at Ally Fighter Jet, Killing Two",closure,Closure basis,applicable,partial,partial,partial,partial,"['scope', 'evidence_basis', 'owner']","['scope', 'evidence_basis', 'owner']",[],3,3,,,,,,,,Inherited v3 legacy field retained for one-to-one audit mapping; v4 interpretation uses model-supported support and the v4 strict/minimal-core rules.,partial,partial,present,strict rule: all field components required for present; minimal-core rule is exploratory sensitivity only,Model-supported support is not externally calibrated and no independent second human coder was used.,partial,partial,partial_support,partial_support,Partial support,Partial support,Retained-evidence recoverability state; not organizational presence or absence,AI-assisted semantic audit with author confirmation of changed and low-confidence decisions,444,CL006,partial_support,partial_support,retained-documentation recoverability under author-defined rules; not organizational practice,
V25R007,AIID07,AIID07,CL007,Automated Adult Content Detection Tools Showed Bias against Women Bodies,exposure,Exposure opportunity framework,applicable,absent,absent,absent,absent,[],[],[],0,0,,,,,,,,Inherited v3 legacy field retained for one-to-one audit mapping; v4 interpretation uses model-supported support and the v4 strict/minimal-core rules.,absent,absent,absent,strict rule: all field components required for present; minimal-core rule is exploratory sensitivity only,Model-supported support is not externally calibrated and no independent second human coder was used.,absent,absent,not_recovered,not_recovered,Not recovered,Not recovered,Retained-evidence recoverability state; not organizational presence or absence,AI-assisted semantic audit with author confirmation of changed and low-confidence decisions,469,CL007,not_recovered,not_recovered,retained-documentation recoverability under author-defined rules; not organizational practice,indeterminate_from_retained_bundle
V25R007,AIID07,AIID07,CL007,Automated Adult Content Detection Tools Showed Bias against Women Bodies,follow_up,Follow-up window,applicable,absent,absent,absent,absent,[],[],[],0,0,,,,,,,,Inherited v3 legacy field retained for one-to-one audit mapping; v4 interpretation uses model-supported support and the v4 strict/minimal-core rules.,absent,absent,absent,strict rule: all field components required for present; minimal-core rule is exploratory sensitivity only,Model-supported support is not externally calibrated and no independent second human coder was used.,absent,absent,not_recovered,not_recovered,Not recovered,Not recovered,Retained-evidence recoverability state; not organizational presence or absence,AI-assisted semantic audit with author confirmation of changed and low-confidence decisions,469,CL007,not_recovered,not_recovered,retained-documentation recoverability under author-defined rules; not organizational practice,indeterminate_from_retained_bundle
V25R007,AIID07,AIID07,CL007,Automated Adult Content Detection Tools Showed Bias against Women Bodies,closure,Closure basis,applicable,absent,absent,absent,absent,[],[],[],0,0,,,,,,,,Inherited v3 legacy field retained for one-to-one audit mapping; v4 interpretation uses model-supported support and the v4 strict/minimal-core rules.,absent,absent,absent,strict rule: all field components required for present; minimal-core rule is exploratory sensitivity only,Model-supported support is not externally calibrated and no independent second human coder was used.,absent,absent,not_recovered,not_recovered,Not recovered,Not recovered,Retained-evidence recoverability state; not organizational presence or absence,AI-assisted semantic audit with author confirmation of changed and low-confidence decisions,469,CL007,not_recovered,not_recovered,retained-documentation recoverability under author-defined rules; not organizational practice,indeterminate_from_retained_bundle
V25R008,AIID08,AIID08,CL008,Facial Recognition Researchers Used YouTube Videos of Transgender People without Consent,exposure,Exposure opportunity framework,applicable,partial,partial,partial,partial,['unit'],['unit'],[],1,1,,,,,,,,Inherited v3 legacy field retained for one-to-one audit mapping; v4 interpretation uses model-supported support and the v4 strict/minimal-core rules.,partial,partial,partial,strict rule: all field components required for present; minimal-core rule is exploratory sensitivity only,Model-supported support is not externally calibrated and no independent second human coder was used.,partial,partial,partial_support,partial_support,Partial support,Partial support,Retained-evidence recoverability state; not organizational presence or absence,AI-assisted semantic audit with author confirmation of changed and low-confidence decisions,409,CL008,partial_support,partial_support,retained-documentation recoverability under author-defined rules; not organizational practice,
V25R008,AIID08,AIID08,CL008,Facial Recognition Researchers Used YouTube Videos of Transgender People without Consent,follow_up,Follow-up window,applicable,partial,partial,partial,partial,['trace_coverage'],['trace_coverage'],[],1,1,,,,,,,,Inherited v3 legacy field retained for one-to-one audit mapping; v4 interpretation uses model-supported support and the v4 strict/minimal-core rules.,partial,partial,absent,strict rule: all field components required for present; minimal-core rule is exploratory sensitivity only,Model-supported support is not externally calibrated and no independent second human coder was used.,partial,partial,partial_support,partial_support,Partial support,Partial support,Retained-evidence recoverability state; not organizational presence or absence,AI-assisted semantic audit with author confirmation of changed and low-confidence decisions,409,CL008,partial_support,partial_support,retained-documentation recoverability under author-defined rules; not organizational practice,
V25R008,AIID08,AIID08,CL008,Facial Recognition Researchers Used YouTube Videos of Transgender People without Consent,closure,Closure basis,applicable,absent,absent,absent,absent,[],[],[],0,0,,,,,,,,Inherited v3 legacy field retained for one-to-one audit mapping; v4 interpretation uses model-supported support and the v4 strict/minimal-core rules.,absent,absent,absent,strict rule: all field components required for present; minimal-core rule is exploratory sensitivity only,Model-supported support is not externally calibrated and no independent second human coder was used.,absent,absent,not_recovered,not_recovered,Not recovered,Not recovered,Retained-evidence recoverability state; not organizational presence or absence,AI-assisted semantic audit with author confirmation of changed and low-confidence decisions,409,CL008,not_recovered,not_recovered,retained-documentation recoverability under author-defined rules; not organizational practice,indeterminate_from_retained_bundle
V25R009,AIID09,AIID09,CL009,Facebook's AI-Supported Moderation Failed to Classify Terrorist Content in East African Languages,exposure,Exposure opportunity framework,applicable,absent,absent,absent,absent,[],[],[],0,0,,,,,,,,Inherited v3 legacy field retained for one-to-one audit mapping; v4 interpretation uses model-supported support and the v4 strict/minimal-core rules.,absent,absent,absent,strict rule: all field components required for present; minimal-core rule is exploratory sensitivity only,Model-supported support is not externally calibrated and no independent second human coder was used.,absent,absent,not_recovered,not_recovered,Not recovered,Not recovered,Retained-evidence recoverability state; not organizational presence or absence,AI-assisted semantic audit with author confirmation of changed and low-confidence decisions,392,CL009,not_recovered,not_recovered,retained-documentation recoverability under author-defined rules; not organizational practice,indeterminate_from_retained_bundle
V25R009,AIID09,AIID09,CL009,Facebook's AI-Supported Moderation Failed to Classify Terrorist Content in East African Languages,follow_up,Follow-up window,applicable,absent,absent,absent,absent,[],[],[],0,0,,,,,,,,Inherited v3 legacy field retained for one-to-one audit mapping; v4 interpretation uses model-supported support and the v4 strict/minimal-core rules.,absent,absent,absent,strict rule: all field components required for present; minimal-core rule is exploratory sensitivity only,Model-supported support is not externally calibrated and no independent second human coder was used.,absent,absent,not_recovered,not_recovered,Not recovered,Not recovered,Retained-evidence recoverability state; not organizational presence or absence,AI-assisted semantic audit with author confirmation of changed and low-confidence decisions,392,CL009,not_recovered,not_recovered,retained-documentation recoverability under author-defined rules; not organizational practice,indeterminate_from_retained_bundle
V25R009,AIID09,AIID09,CL009,Facebook's AI-Supported Moderation Failed to Classify Terrorist Content in East African Languages,closure,Closure basis,applicable,absent,absent,absent,absent,[],[],[],0,0,,,,,,,,Inherited v3 legacy field retained for one-to-one audit mapping; v4 interpretation uses model-supported support and the v4 strict/minimal-core rules.,absent,absent,absent,strict rule: all field components required for present; minimal-core rule is exploratory sensitivity only,Model-supported support is not externally calibrated and no independent second human coder was used.,absent,absent,not_recovered,not_recovered,Not recovered,Not recovered,Retained-evidence recoverability state; not organizational presence or absence,AI-assisted semantic audit with author confirmation of changed and low-confidence decisions,392,CL009,not_recovered,not_recovered,retained-documentation recoverability under author-defined rules; not organizational practice,indeterminate_from_retained_bundle
V25R010,AIID10,AIID10,CL010,Facebook's Friend Suggestion Feature Recommends Patients of Psychiatrist to Each Other,exposure,Exposure opportunity framework,applicable,absent,absent,absent,absent,[],[],[],0,0,,,,,,,,Inherited v3 legacy field retained for one-to-one audit mapping; v4 interpretation uses model-supported support and the v4 strict/minimal-core rules.,absent,absent,absent,strict rule: all field components required for present; minimal-core rule is exploratory sensitivity only,Model-supported support is not externally calibrated and no independent second human coder was used.,absent,absent,not_recovered,not_recovered,Not recovered,Not recovered,Retained-evidence recoverability state; not organizational presence or absence,AI-assisted semantic audit with author confirmation of changed and low-confidence decisions,406,CL010,not_recovered,not_recovered,retained-documentation recoverability under author-defined rules; not organizational practice,indeterminate_from_retained_bundle
V25R010,AIID10,AIID10,CL010,Facebook's Friend Suggestion Feature Recommends Patients of Psychiatrist to Each Other,follow_up,Follow-up window,applicable,absent,absent,absent,absent,[],[],[],0,0,,,,,,,,Inherited v3 legacy field retained for one-to-one audit mapping; v4 interpretation uses model-supported support and the v4 strict/minimal-core rules.,absent,absent,absent,strict rule: all field components required for present; minimal-core rule is exploratory sensitivity only,Model-supported support is not externally calibrated and no independent second human coder was used.,absent,absent,not_recovered,not_recovered,Not recovered,Not recovered,Retained-evidence recoverability state; not organizational presence or absence,AI-assisted semantic audit with author confirmation of changed and low-confidence decisions,406,CL010,not_recovered,not_recovered,retained-documentation recoverability under author-defined rules; not organizational practice,indeterminate_from_retained_bundle
V25R010,AIID10,AIID10,CL010,Facebook's Friend Suggestion Feature Recommends Patients of Psychiatrist to Each Other,closure,Closure basis,applicable,absent,absent,absent,absent,[],[],[],0,0,,,,,,,,Inherited v3 legacy field retained for one-to-one audit mapping; v4 interpretation uses model-supported support and the v4 strict/minimal-core rules.,absent,absent,absent,strict rule: all field components required for present; minimal-core rule is exploratory sensitivity only,Model-supported support is not externally calibrated and no independent second human coder was used.,absent,absent,not_recovered,not_recovered,Not recovered,Not recovered,Retained-evidence recoverability state; not organizational presence or absence,AI-assisted semantic audit with author confirmation of changed and low-confidence decisions,406,CL010,not_recovered,not_recovered,retained-documentation recoverability under author-defined rules; not organizational practice,indeterminate_from_retained_bundle
V25R011,AIID11,AIID11,CL011,Defamation via AutoComplete,exposure,Exposure opportunity framework,applicable,partial,partial,partial,partial,"['unit', 'eligibility', 'time_origin']","['unit', 'eligibility', 'time_origin']",[],3,3,,,,,,,,Inherited v3 legacy field retained for one-to-one audit mapping; v4 interpretation uses model-supported support and the v4 strict/minimal-core rules.,partial,partial,present,strict rule: all field components required for present; minimal-core rule is exploratory sensitivity only,Model-supported support is not externally calibrated and no independent second human coder was used.,partial,partial,partial_support,partial_support,Partial support,Partial support,Retained-evidence recoverability state; not organizational presence or absence,AI-assisted semantic audit with author confirmation of changed and low-confidence decisions,45,CL011,partial_support,partial_support,retained-documentation recoverability under author-defined rules; not organizational practice,
V25R011,AIID11,AIID11,CL011,Defamation via AutoComplete,follow_up,Follow-up window,applicable,absent,absent,absent,absent,[],[],[],0,0,,,,,,,,Inherited v3 legacy field retained for one-to-one audit mapping; v4 interpretation uses model-supported support and the v4 strict/minimal-core rules.,absent,absent,absent,strict rule: all field components required for present; minimal-core rule is exploratory sensitivity only,Model-supported support is not externally calibrated and no independent second human coder was used.,absent,absent,not_recovered,not_recovered,Not recovered,Not recovered,Retained-evidence recoverability state; not organizational presence or absence,AI-assisted semantic audit with author confirmation of changed and low-confidence decisions,45,CL011,not_recovered,not_recovered,retained-documentation recoverability under author-defined rules; not organizational practice,indeterminate_from_retained_bundle
V25R011,AIID11,AIID11,CL011,Defamation via AutoComplete,closure,Closure basis,applicable,partial,partial,partial,partial,"['scope', 'evidence_basis', 'owner']","['scope', 'evidence_basis', 'owner']",[],3,3,,,,,,,,Inherited v3 legacy field retained for one-to-one audit mapping; v4 interpretation uses model-supported support and the v4 strict/minimal-core rules.,partial,partial,present,strict rule: all field components required for present; minimal-core rule is exploratory sensitivity only,Model-supported support is not externally calibrated and no independent second human coder was used.,partial,partial,partial_support,partial_support,Partial support,Partial support,Retained-evidence recoverability state; not organizational presence or absence,AI-assisted semantic audit with author confirmation of changed and low-confidence decisions,45,CL011,partial_support,partial_support,retained-documentation recoverability under author-defined rules; not organizational practice,
V25R012,AIID12,AIID12,CL012,Gender Biases of Google Image Search,exposure,Exposure opportunity framework,applicable,partial,partial,partial,partial,['unit'],['unit'],[],1,1,,,,,,,,Inherited v3 legacy field retained for one-to-one audit mapping; v4 interpretation uses model-supported support and the v4 strict/minimal-core rules.,partial,partial,partial,strict rule: all field components required for present; minimal-core rule is exploratory sensitivity only,Model-supported support is not externally calibrated and no independent second human coder was used.,partial,partial,partial_support,partial_support,Partial support,Partial support,Retained-evidence recoverability state; not organizational presence or absence,AI-assisted semantic audit with author confirmation of changed and low-confidence decisions,18,CL012,partial_support,partial_support,retained-documentation recoverability under author-defined rules; not organizational practice,
V25R012,AIID12,AIID12,CL012,Gender Biases of Google Image Search,follow_up,Follow-up window,applicable,partial,partial,partial,partial,['exposure_qualified_observation'],['exposure_qualified_observation'],[],1,1,,,,,,,,Inherited v3 legacy field retained for one-to-one audit mapping; v4 interpretation uses model-supported support and the v4 strict/minimal-core rules.,partial,partial,partial,strict rule: all field components required for present; minimal-core rule is exploratory sensitivity only,Model-supported support is not externally calibrated and no independent second human coder was used.,partial,partial,partial_support,partial_support,Partial support,Partial support,Retained-evidence recoverability state; not organizational presence or absence,AI-assisted semantic audit with author confirmation of changed and low-confidence decisions,18,CL012,partial_support,partial_support,retained-documentation recoverability under author-defined rules; not organizational practice,
V25R012,AIID12,AIID12,CL012,Gender Biases of Google Image Search,closure,Closure basis,applicable,absent,absent,absent,absent,[],[],[],0,0,,,,,,,,Inherited v3 legacy field retained for one-to-one audit mapping; v4 interpretation uses model-supported support and the v4 strict/minimal-core rules.,absent,absent,absent,strict rule: all field components required for present; minimal-core rule is exploratory sensitivity only,Model-supported support is not externally calibrated and no independent second human coder was used.,absent,absent,not_recovered,not_recovered,Not recovered,Not recovered,Retained-evidence recoverability state; not organizational presence or absence,AI-assisted semantic audit with author confirmation of changed and low-confidence decisions,18,CL012,not_recovered,not_recovered,retained-documentation recoverability under author-defined rules; not organizational practice,indeterminate_from_retained_bundle
V25R013,AIID13,AIID13,CL013,"Facebook’s ""Tag Suggestions"" Allegedly Stored Biometric Data without User Consent",exposure,Exposure opportunity framework,applicable,absent,absent,absent,absent,[],[],[],0,0,,,,,,,,Inherited v3 legacy field retained for one-to-one audit mapping; v4 interpretation uses model-supported support and the v4 strict/minimal-core rules.,absent,absent,absent,strict rule: all field components required for present; minimal-core rule is exploratory sensitivity only,Model-supported support is not externally calibrated and no independent second human coder was used.,absent,absent,not_recovered,not_recovered,Not recovered,Not recovered,Retained-evidence recoverability state; not organizational presence or absence,AI-assisted semantic audit with author confirmation of changed and low-confidence decisions,122,CL013,not_recovered,not_recovered,retained-documentation recoverability under author-defined rules; not organizational practice,indeterminate_from_retained_bundle
V25R013,AIID13,AIID13,CL013,"Facebook’s ""Tag Suggestions"" Allegedly Stored Biometric Data without User Consent",follow_up,Follow-up window,applicable,absent,absent,absent,absent,[],[],[],0,0,,,,,,,,Inherited v3 legacy field retained for one-to-one audit mapping; v4 interpretation uses model-supported support and the v4 strict/minimal-core rules.,absent,absent,absent,strict rule: all field components required for present; minimal-core rule is exploratory sensitivity only,Model-supported support is not externally calibrated and no independent second human coder was used.,absent,absent,not_recovered,not_recovered,Not recovered,Not recovered,Retained-evidence recoverability state; not organizational presence or absence,AI-assisted semantic audit with author confirmation of changed and low-confidence decisions,122,CL013,not_recovered,not_recovered,retained-documentation recoverability under author-defined rules; not organizational practice,indeterminate_from_retained_bundle
V25R013,AIID13,AIID13,CL013,"Facebook’s ""Tag Suggestions"" Allegedly Stored Biometric Data without User Consent",closure,Closure basis,applicable,absent,absent,absent,absent,[],[],[],0,0,,,,,,,,Inherited v3 legacy field retained for one-to-one audit mapping; v4 interpretation uses model-supported support and the v4 strict/minimal-core rules.,absent,absent,absent,strict rule: all field components required for present; minimal-core rule is exploratory sensitivity only,Model-supported support is not externally calibrated and no independent second human coder was used.,absent,absent,not_recovered,not_recovered,Not recovered,Not recovered,Retained-evidence recoverability state; not organizational presence or absence,AI-assisted semantic audit with author confirmation of changed and low-confidence decisions,122,CL013,not_recovered,not_recovered,retained-documentation recoverability under author-defined rules; not organizational practice,indeterminate_from_retained_bundle
V25R014,AIID14,AIID14,CL014,Biased Google Image Results,exposure,Exposure opportunity framework,applicable,absent,absent,absent,absent,[],[],[],0,0,,,,,,,,Inherited v3 legacy field retained for one-to-one audit mapping; v4 interpretation uses model-supported support and the v4 strict/minimal-core rules.,absent,absent,absent,strict rule: all field components required for present; minimal-core rule is exploratory sensitivity only,Model-supported support is not externally calibrated and no independent second human coder was used.,absent,absent,not_recovered,not_recovered,Not recovered,Not recovered,Retained-evidence recoverability state; not organizational presence or absence,AI-assisted semantic audit with author confirmation of changed and low-confidence decisions,53,CL014,not_recovered,not_recovered,retained-documentation recoverability under author-defined rules; not organizational practice,indeterminate_from_retained_bundle
V25R014,AIID14,AIID14,CL014,Biased Google Image Results,follow_up,Follow-up window,applicable,absent,absent,absent,absent,[],[],[],0,0,,,,,,,,Inherited v3 legacy field retained for one-to-one audit mapping; v4 interpretation uses model-supported support and the v4 strict/minimal-core rules.,absent,absent,absent,strict rule: all field components required for present; minimal-core rule is exploratory sensitivity only,Model-supported support is not externally calibrated and no independent second human coder was used.,absent,absent,not_recovered,not_recovered,Not recovered,Not recovered,Retained-evidence recoverability state; not organizational presence or absence,AI-assisted semantic audit with author confirmation of changed and low-confidence decisions,53,CL014,not_recovered,not_recovered,retained-documentation recoverability under author-defined rules; not organizational practice,indeterminate_from_retained_bundle
V25R014,AIID14,AIID14,CL014,Biased Google Image Results,closure,Closure basis,applicable,absent,absent,absent,absent,[],[],[],0,0,,,,,,,,Inherited v3 legacy field retained for one-to-one audit mapping; v4 interpretation uses model-supported support and the v4 strict/minimal-core rules.,absent,absent,absent,strict rule: all field components required for present; minimal-core rule is exploratory sensitivity only,Model-supported support is not externally calibrated and no independent second human coder was used.,absent,absent,not_recovered,not_recovered,Not recovered,Not recovered,Retained-evidence recoverability state; not organizational presence or absence,AI-assisted semantic audit with author confirmation of changed and low-confidence decisions,53,CL014,not_recovered,not_recovered,retained-documentation recoverability under author-defined rules; not organizational practice,indeterminate_from_retained_bundle
V25R015,AIID15,AIID15,CL015,Google Image Showed Racially Biased Results for “Professional” Hairstyles,exposure,Exposure opportunity framework,applicable,absent,absent,absent,absent,[],[],[],0,0,,,,,,,,Inherited v3 legacy field retained for one-to-one audit mapping; v4 interpretation uses model-supported support and the v4 strict/minimal-core rules.,absent,absent,absent,strict rule: all field components required for present; minimal-core rule is exploratory sensitivity only,Model-supported support is not externally calibrated and no independent second human coder was used.,absent,absent,not_recovered,not_recovered,Not recovered,Not recovered,Retained-evidence recoverability state; not organizational presence or absence,AI-assisted semantic audit with author confirmation of changed and low-confidence decisions,332,CL015,not_recovered,not_recovered,retained-documentation recoverability under author-defined rules; not organizational practice,indeterminate_from_retained_bundle
V25R015,AIID15,AIID15,CL015,Google Image Showed Racially Biased Results for “Professional” Hairstyles,follow_up,Follow-up window,applicable,absent,absent,absent,absent,[],[],[],0,0,,,,,,,,Inherited v3 legacy field retained for one-to-one audit mapping; v4 interpretation uses model-supported support and the v4 strict/minimal-core rules.,absent,absent,absent,strict rule: all field components required for present; minimal-core rule is exploratory sensitivity only,Model-supported support is not externally calibrated and no independent second human coder was used.,absent,absent,not_recovered,not_recovered,Not recovered,Not recovered,Retained-evidence recoverability state; not organizational presence or absence,AI-assisted semantic audit with author confirmation of changed and low-confidence decisions,332,CL015,not_recovered,not_recovered,retained-documentation recoverability under author-defined rules; not organizational practice,indeterminate_from_retained_bundle
V25R015,AIID15,AIID15,CL015,Google Image Showed Racially Biased Results for “Professional” Hairstyles,closure,Closure basis,applicable,absent,absent,absent,absent,[],[],[],0,0,,,,,,,,Inherited v3 legacy field retained for one-to-one audit mapping; v4 interpretation uses model-supported support and the v4 strict/minimal-core rules.,absent,absent,absent,strict rule: all field components required for present; minimal-core rule is exploratory sensitivity only,Model-supported support is not externally calibrated and no independent second human coder was used.,absent,absent,not_recovered,not_recovered,Not recovered,Not recovered,Retained-evidence recoverability state; not organizational presence or absence,AI-assisted semantic audit with author confirmation of changed and low-confidence decisions,332,CL015,not_recovered,not_recovered,retained-documentation recoverability under author-defined rules; not organizational practice,indeterminate_from_retained_bundle
V25R016,AIID16,AIID16,CL016,Inefficiencies in the United States Resident Matching Program,exposure,Exposure opportunity framework,applicable,absent,absent,absent,absent,[],[],[],0,0,,,,,,,,Inherited v3 legacy field retained for one-to-one audit mapping; v4 interpretation uses model-supported support and the v4 strict/minimal-core rules.,absent,absent,absent,strict rule: all field components required for present; minimal-core rule is exploratory sensitivity only,Model-supported support is not externally calibrated and no independent second human coder was used.,absent,absent,not_recovered,not_recovered,Not recovered,Not recovered,Retained-evidence recoverability state; not organizational presence or absence,AI-assisted semantic audit with author confirmation of changed and low-confidence decisions,42,CL016,not_recovered,not_recovered,retained-documentation recoverability under author-defined rules; not organizational practice,indeterminate_from_retained_bundle
V25R016,AIID16,AIID16,CL016,Inefficiencies in the United States Resident Matching Program,follow_up,Follow-up window,applicable,absent,absent,absent,absent,[],[],[],0,0,,,,,,,,Inherited v3 legacy field retained for one-to-one audit mapping; v4 interpretation uses model-supported support and the v4 strict/minimal-core rules.,absent,absent,absent,strict rule: all field components required for present; minimal-core rule is exploratory sensitivity only,Model-supported support is not externally calibrated and no independent second human coder was used.,absent,absent,not_recovered,not_recovered,Not recovered,Not recovered,Retained-evidence recoverability state; not organizational presence or absence,AI-assisted semantic audit with author confirmation of changed and low-confidence decisions,42,CL016,not_recovered,not_recovered,retained-documentation recoverability under author-defined rules; not organizational practice,indeterminate_from_retained_bundle
V25R016,AIID16,AIID16,CL016,Inefficiencies in the United States Resident Matching Program,closure,Closure basis,applicable,absent,absent,absent,absent,[],[],[],0,0,,,,,,,,Inherited v3 legacy field retained for one-to-one audit mapping; v4 interpretation uses model-supported support and the v4 strict/minimal-core rules.,absent,absent,absent,strict rule: all field components required for present; minimal-core rule is exploratory sensitivity only,Model-supported support is not externally calibrated and no independent second human coder was used.,absent,absent,not_recovered,not_recovered,Not recovered,Not recovered,Retained-evidence recoverability state; not organizational presence or absence,AI-assisted semantic audit with author confirmation of changed and low-confidence decisions,42,CL016,not_recovered,not_recovered,retained-documentation recoverability under author-defined rules; not organizational practice,indeterminate_from_retained_bundle
V25R017,AIID17,AIID17,CL017,St George's Hospital Medical School allegedly Automated Admissions with Discriminatory Results,exposure,Exposure opportunity framework,applicable,present,present,present,present,"['unit', 'eligibility', 'time_origin', 'coverage']","['unit', 'eligibility', 'time_origin', 'coverage']",[],4,4,,,,,,,,Inherited v3 legacy field retained for one-to-one audit mapping; v4 interpretation uses model-supported support and the v4 strict/minimal-core rules.,present,present,present,strict rule: all field components required for present; minimal-core rule is exploratory sensitivity only,Model-supported support is not externally calibrated and no independent second human coder was used.,present,present,complete_support,complete_support,Complete support,Complete support,Retained-evidence recoverability state; not organizational presence or absence,AI-assisted semantic audit with author confirmation of changed and low-confidence decisions,43,CL017,complete_support,complete_support,retained-documentation recoverability under author-defined rules; not organizational practice,
V25R017,AIID17,AIID17,CL017,St George's Hospital Medical School allegedly Automated Admissions with Discriminatory Results,follow_up,Follow-up window,applicable,absent,absent,absent,absent,[],[],[],0,0,,,,,,,,Inherited v3 legacy field retained for one-to-one audit mapping; v4 interpretation uses model-supported support and the v4 strict/minimal-core rules.,absent,absent,absent,strict rule: all field components required for present; minimal-core rule is exploratory sensitivity only,Model-supported support is not externally calibrated and no independent second human coder was used.,absent,absent,not_recovered,not_recovered,Not recovered,Not recovered,Retained-evidence recoverability state; not organizational presence or absence,AI-assisted semantic audit with author confirmation of changed and low-confidence decisions,43,CL017,not_recovered,not_recovered,retained-documentation recoverability under author-defined rules; not organizational practice,indeterminate_from_retained_bundle
V25R017,AIID17,AIID17,CL017,St George's Hospital Medical School allegedly Automated Admissions with Discriminatory Results,closure,Closure basis,applicable,partial,partial,partial,partial,"['scope', 'owner']","['scope', 'owner']",[],2,2,,,,,,,,Inherited v3 legacy field retained for one-to-one audit mapping; v4 interpretation uses model-supported support and the v4 strict/minimal-core rules.,partial,partial,partial,strict rule: all field components required for present; minimal-core rule is exploratory sensitivity only,Model-supported support is not externally calibrated and no independent second human coder was used.,partial,partial,partial_support,partial_support,Partial support,Partial support,Retained-evidence recoverability state; not organizational presence or absence,AI-assisted semantic audit with author confirmation of changed and low-confidence decisions,43,CL017,partial_support,partial_support,retained-documentation recoverability under author-defined rules; not organizational practice,
V25R018,AIID18,AIID18,CL018,Kidney Testing Method Allegedly Underestimated Risk of Black Patients,exposure,Exposure opportunity framework,applicable,partial,partial,partial,partial,"['unit', 'eligibility', 'coverage']","['unit', 'eligibility', 'coverage']",[],3,3,,,,,,,,Inherited v3 legacy field retained for one-to-one audit mapping; v4 interpretation uses model-supported support and the v4 strict/minimal-core rules.,partial,partial,present,strict rule: all field components required for present; minimal-core rule is exploratory sensitivity only,Model-supported support is not externally calibrated and no independent second human coder was used.,partial,partial,partial_support,partial_support,Partial support,Partial support,Retained-evidence recoverability state; not organizational presence or absence,AI-assisted semantic audit with author confirmation of changed and low-confidence decisions,79,CL018,partial_support,partial_support,retained-documentation recoverability under author-defined rules; not organizational practice,
V25R018,AIID18,AIID18,CL018,Kidney Testing Method Allegedly Underestimated Risk of Black Patients,follow_up,Follow-up window,applicable,partial,partial,partial,partial,['owner'],['owner'],[],1,1,,,,,,,,Inherited v3 legacy field retained for one-to-one audit mapping; v4 interpretation uses model-supported support and the v4 strict/minimal-core rules.,partial,partial,absent,strict rule: all field components required for present; minimal-core rule is exploratory sensitivity only,Model-supported support is not externally calibrated and no independent second human coder was used.,partial,partial,partial_support,partial_support,Partial support,Partial support,Retained-evidence recoverability state; not organizational presence or absence,AI-assisted semantic audit with author confirmation of changed and low-confidence decisions,79,CL018,partial_support,partial_support,retained-documentation recoverability under author-defined rules; not organizational practice,
V25R018,AIID18,AIID18,CL018,Kidney Testing Method Allegedly Underestimated Risk of Black Patients,closure,Closure basis,applicable,absent,absent,absent,absent,[],[],[],0,0,,,,,,,,Inherited v3 legacy field retained for one-to-one audit mapping; v4 interpretation uses model-supported support and the v4 strict/minimal-core rules.,absent,absent,absent,strict rule: all field components required for present; minimal-core rule is exploratory sensitivity only,Model-supported support is not externally calibrated and no independent second human coder was used.,absent,absent,not_recovered,not_recovered,Not recovered,Not recovered,Retained-evidence recoverability state; not organizational presence or absence,AI-assisted semantic audit with author confirmation of changed and low-confidence decisions,79,CL018,not_recovered,not_recovered,retained-documentation recoverability under author-defined rules; not organizational practice,indeterminate_from_retained_bundle
V25R019,AIID19,AIID19,CL019,Algorithmic Teacher Evaluation Program Reportedly Failed to Improve Student Outcomes and Was Alleged to Have Harmed Teachers,exposure,Exposure opportunity framework,applicable,absent,absent,absent,absent,[],[],[],0,0,,,,,,,,Inherited v3 legacy field retained for one-to-one audit mapping; v4 interpretation uses model-supported support and the v4 strict/minimal-core rules.,absent,absent,absent,strict rule: all field components required for present; minimal-core rule is exploratory sensitivity only,Model-supported support is not externally calibrated and no independent second human coder was used.,absent,absent,not_recovered,not_recovered,Not recovered,Not recovered,Retained-evidence recoverability state; not organizational presence or absence,AI-assisted semantic audit with author confirmation of changed and low-confidence decisions,239,CL019,not_recovered,not_recovered,retained-documentation recoverability under author-defined rules; not organizational practice,indeterminate_from_retained_bundle
V25R019,AIID19,AIID19,CL019,Algorithmic Teacher Evaluation Program Reportedly Failed to Improve Student Outcomes and Was Alleged to Have Harmed Teachers,follow_up,Follow-up window,applicable,absent,absent,absent,absent,[],[],[],0,0,,,,,,,,Inherited v3 legacy field retained for one-to-one audit mapping; v4 interpretation uses model-supported support and the v4 strict/minimal-core rules.,absent,absent,absent,strict rule: all field components required for present; minimal-core rule is exploratory sensitivity only,Model-supported support is not externally calibrated and no independent second human coder was used.,absent,absent,not_recovered,not_recovered,Not recovered,Not recovered,Retained-evidence recoverability state; not organizational presence or absence,AI-assisted semantic audit with author confirmation of changed and low-confidence decisions,239,CL019,not_recovered,not_recovered,retained-documentation recoverability under author-defined rules; not organizational practice,indeterminate_from_retained_bundle
V25R019,AIID19,AIID19,CL019,Algorithmic Teacher Evaluation Program Reportedly Failed to Improve Student Outcomes and Was Alleged to Have Harmed Teachers,closure,Closure basis,applicable,absent,absent,absent,absent,[],[],[],0,0,,,,,,,,Inherited v3 legacy field retained for one-to-one audit mapping; v4 interpretation uses model-supported support and the v4 strict/minimal-core rules.,absent,absent,absent,strict rule: all field components required for present; minimal-core rule is exploratory sensitivity only,Model-supported support is not externally calibrated and no independent second human coder was used.,absent,absent,not_recovered,not_recovered,Not recovered,Not recovered,Retained-evidence recoverability state; not organizational presence or absence,AI-assisted semantic audit with author confirmation of changed and low-confidence decisions,239,CL019,not_recovered,not_recovered,retained-documentation recoverability under author-defined rules; not organizational practice,indeterminate_from_retained_bundle
V25R020,AIID20,AIID20,CL020,Major Universities Are Reportedly Using Race as a 'High Impact Predictor' of Student Success,exposure,Exposure opportunity framework,applicable,partial,partial,partial,partial,"['unit', 'time_origin', 'coverage']","['unit', 'time_origin', 'coverage']",[],3,3,,,,,,,,Inherited v3 legacy field retained for one-to-one audit mapping; v4 interpretation uses model-supported support and the v4 strict/minimal-core rules.,partial,partial,partial,strict rule: all field components required for present; minimal-core rule is exploratory sensitivity only,Model-supported support is not externally calibrated and no independent second human coder was used.,partial,partial,partial_support,partial_support,Partial support,Partial support,Retained-evidence recoverability state; not organizational presence or absence,AI-assisted semantic audit with author confirmation of changed and low-confidence decisions,99,CL020,partial_support,partial_support,retained-documentation recoverability under author-defined rules; not organizational practice,
V25R020,AIID20,AIID20,CL020,Major Universities Are Reportedly Using Race as a 'High Impact Predictor' of Student Success,follow_up,Follow-up window,applicable,absent,absent,absent,absent,[],[],[],0,0,,,,,,,,Inherited v3 legacy field retained for one-to-one audit mapping; v4 interpretation uses model-supported support and the v4 strict/minimal-core rules.,absent,absent,absent,strict rule: all field components required for present; minimal-core rule is exploratory sensitivity only,Model-supported support is not externally calibrated and no independent second human coder was used.,absent,absent,not_recovered,not_recovered,Not recovered,Not recovered,Retained-evidence recoverability state; not organizational presence or absence,AI-assisted semantic audit with author confirmation of changed and low-confidence decisions,99,CL020,not_recovered,not_recovered,retained-documentation recoverability under author-defined rules; not organizational practice,indeterminate_from_retained_bundle
V25R020,AIID20,AIID20,CL020,Major Universities Are Reportedly Using Race as a 'High Impact Predictor' of Student Success,closure,Closure basis,applicable,absent,absent,absent,absent,[],[],[],0,0,,,,,,,,Inherited v3 legacy field retained for one-to-one audit mapping; v4 interpretation uses model-supported support and the v4 strict/minimal-core rules.,absent,absent,absent,strict rule: all field components required for present; minimal-core rule is exploratory sensitivity only,Model-supported support is not externally calibrated and no independent second human coder was used.,absent,absent,not_recovered,not_recovered,Not recovered,Not recovered,Retained-evidence recoverability state; not organizational presence or absence,AI-assisted semantic audit with author confirmation of changed and low-confidence decisions,99,CL020,not_recovered,not_recovered,retained-documentation recoverability under author-defined rules; not organizational practice,indeterminate_from_retained_bundle
V25R021,AIID21,AIID21,CL021,Collection of Robotic Surgery Malfunctions,exposure,Exposure opportunity framework,applicable,partial,partial,partial,partial,"['unit', 'time_origin']","['unit', 'time_origin']",[],2,2,,,,,,,,Inherited v3 legacy field retained for one-to-one audit mapping; v4 interpretation uses model-supported support and the v4 strict/minimal-core rules.,partial,partial,partial,strict rule: all field components required for present; minimal-core rule is exploratory sensitivity only,Model-supported support is not externally calibrated and no independent second human coder was used.,partial,partial,partial_support,partial_support,Partial support,Partial support,Retained-evidence recoverability state; not organizational presence or absence,AI-assisted semantic audit with author confirmation of changed and low-confidence decisions,5,CL021,partial_support,partial_support,retained-documentation recoverability under author-defined rules; not organizational practice,
V25R021,AIID21,AIID21,CL021,Collection of Robotic Surgery Malfunctions,follow_up,Follow-up window,applicable,absent,absent,absent,absent,[],[],[],0,0,,,,,,,,Inherited v3 legacy field retained for one-to-one audit mapping; v4 interpretation uses model-supported support and the v4 strict/minimal-core rules.,absent,absent,absent,strict rule: all field components required for present; minimal-core rule is exploratory sensitivity only,Model-supported support is not externally calibrated and no independent second human coder was used.,absent,absent,not_recovered,not_recovered,Not recovered,Not recovered,Retained-evidence recoverability state; not organizational presence or absence,AI-assisted semantic audit with author confirmation of changed and low-confidence decisions,5,CL021,not_recovered,not_recovered,retained-documentation recoverability under author-defined rules; not organizational practice,indeterminate_from_retained_bundle
V25R021,AIID21,AIID21,CL021,Collection of Robotic Surgery Malfunctions,closure,Closure basis,applicable,absent,absent,absent,absent,[],[],[],0,0,,,,,,,,Inherited v3 legacy field retained for one-to-one audit mapping; v4 interpretation uses model-supported support and the v4 strict/minimal-core rules.,absent,absent,absent,strict rule: all field components required for present; minimal-core rule is exploratory sensitivity only,Model-supported support is not externally calibrated and no independent second human coder was used.,absent,absent,not_recovered,not_recovered,Not recovered,Not recovered,Retained-evidence recoverability state; not organizational presence or absence,AI-assisted semantic audit with author confirmation of changed and low-confidence decisions,5,CL021,not_recovered,not_recovered,retained-documentation recoverability under author-defined rules; not organizational practice,indeterminate_from_retained_bundle
V25R022,AIID22,AIID22,CL022,Arkansas's Opaque Algorithm to Allocate Health Care Excessively Cut Down Hours for Beneficiaries,exposure,Exposure opportunity framework,applicable,absent,absent,absent,absent,[],[],[],0,0,,,,,,,,Inherited v3 legacy field retained for one-to-one audit mapping; v4 interpretation uses model-supported support and the v4 strict/minimal-core rules.,absent,absent,absent,strict rule: all field components required for present; minimal-core rule is exploratory sensitivity only,Model-supported support is not externally calibrated and no independent second human coder was used.,absent,absent,not_recovered,not_recovered,Not recovered,Not recovered,Retained-evidence recoverability state; not organizational presence or absence,AI-assisted semantic audit with author confirmation of changed and low-confidence decisions,110,CL022,not_recovered,not_recovered,retained-documentation recoverability under author-defined rules; not organizational practice,indeterminate_from_retained_bundle
V25R022,AIID22,AIID22,CL022,Arkansas's Opaque Algorithm to Allocate Health Care Excessively Cut Down Hours for Beneficiaries,follow_up,Follow-up window,applicable,absent,absent,absent,absent,[],[],[],0,0,,,,,,,,Inherited v3 legacy field retained for one-to-one audit mapping; v4 interpretation uses model-supported support and the v4 strict/minimal-core rules.,absent,absent,absent,strict rule: all field components required for present; minimal-core rule is exploratory sensitivity only,Model-supported support is not externally calibrated and no independent second human coder was used.,absent,absent,not_recovered,not_recovered,Not recovered,Not recovered,Retained-evidence recoverability state; not organizational presence or absence,AI-assisted semantic audit with author confirmation of changed and low-confidence decisions,110,CL022,not_recovered,not_recovered,retained-documentation recoverability under author-defined rules; not organizational practice,indeterminate_from_retained_bundle
V25R022,AIID22,AIID22,CL022,Arkansas's Opaque Algorithm to Allocate Health Care Excessively Cut Down Hours for Beneficiaries,closure,Closure basis,applicable,partial,partial,partial,partial,"['scope', 'evidence_basis', 'owner']","['scope', 'evidence_basis', 'owner']",[],3,3,,,,,,,,Inherited v3 legacy field retained for one-to-one audit mapping; v4 interpretation uses model-supported support and the v4 strict/minimal-core rules.,partial,partial,present,strict rule: all field components required for present; minimal-core rule is exploratory sensitivity only,Model-supported support is not externally calibrated and no independent second human coder was used.,partial,partial,partial_support,partial_support,Partial support,Partial support,Retained-evidence recoverability state; not organizational presence or absence,AI-assisted semantic audit with author confirmation of changed and low-confidence decisions,110,CL022,partial_support,partial_support,retained-documentation recoverability under author-defined rules; not organizational practice,
V25R023,AIID23,AIID23,CL023,"Facebook ""News Feed"" Allegedly Boosted Misinformation and Violating Content Following Use of MSI Metric",exposure,Exposure opportunity framework,applicable,absent,absent,absent,absent,[],[],[],0,0,,,,,,,,Inherited v3 legacy field retained for one-to-one audit mapping; v4 interpretation uses model-supported support and the v4 strict/minimal-core rules.,absent,absent,absent,strict rule: all field components required for present; minimal-core rule is exploratory sensitivity only,Model-supported support is not externally calibrated and no independent second human coder was used.,absent,absent,not_recovered,not_recovered,Not recovered,Not recovered,Retained-evidence recoverability state; not organizational presence or absence,AI-assisted semantic audit with author confirmation of changed and low-confidence decisions,164,CL023,not_recovered,not_recovered,retained-documentation recoverability under author-defined rules; not organizational practice,indeterminate_from_retained_bundle
V25R023,AIID23,AIID23,CL023,"Facebook ""News Feed"" Allegedly Boosted Misinformation and Violating Content Following Use of MSI Metric",follow_up,Follow-up window,applicable,absent,absent,absent,absent,[],[],[],0,0,,,,,,,,Inherited v3 legacy field retained for one-to-one audit mapping; v4 interpretation uses model-supported support and the v4 strict/minimal-core rules.,absent,absent,absent,strict rule: all field components required for present; minimal-core rule is exploratory sensitivity only,Model-supported support is not externally calibrated and no independent second human coder was used.,absent,absent,not_recovered,not_recovered,Not recovered,Not recovered,Retained-evidence recoverability state; not organizational presence or absence,AI-assisted semantic audit with author confirmation of changed and low-confidence decisions,164,CL023,not_recovered,not_recovered,retained-documentation recoverability under author-defined rules; not organizational practice,indeterminate_from_retained_bundle
V25R023,AIID23,AIID23,CL023,"Facebook ""News Feed"" Allegedly Boosted Misinformation and Violating Content Following Use of MSI Metric",closure,Closure basis,applicable,absent,absent,absent,absent,[],[],[],0,0,,,,,,,,Inherited v3 legacy field retained for one-to-one audit mapping; v4 interpretation uses model-supported support and the v4 strict/minimal-core rules.,absent,absent,absent,strict rule: all field components required for present; minimal-core rule is exploratory sensitivity only,Model-supported support is not externally calibrated and no independent second human coder was used.,absent,absent,not_recovered,not_recovered,Not recovered,Not recovered,Retained-evidence recoverability state; not organizational presence or absence,AI-assisted semantic audit with author confirmation of changed and low-confidence decisions,164,CL023,not_recovered,not_recovered,retained-documentation recoverability under author-defined rules; not organizational practice,indeterminate_from_retained_bundle
V25R024,AIID24,AIID24,CL024,Warehouse robot ruptures can of bear spray and injures workers,exposure,Exposure opportunity framework,applicable,partial,partial,partial,partial,['unit'],['unit'],[],1,1,,,,,,,,Inherited v3 legacy field retained for one-to-one audit mapping; v4 interpretation uses model-supported support and the v4 strict/minimal-core rules.,partial,partial,partial,strict rule: all field components required for present; minimal-core rule is exploratory sensitivity only,Model-supported support is not externally calibrated and no independent second human coder was used.,partial,partial,partial_support,partial_support,Partial support,Partial support,Retained-evidence recoverability state; not organizational presence or absence,AI-assisted semantic audit with author confirmation of changed and low-confidence decisions,2,CL024,partial_support,partial_support,retained-documentation recoverability under author-defined rules; not organizational practice,
V25R024,AIID24,AIID24,CL024,Warehouse robot ruptures can of bear spray and injures workers,follow_up,Follow-up window,applicable,partial,partial,partial,partial,"['calendar_interval', 'exposure_qualified_observation']","['calendar_interval', 'exposure_qualified_observation']",[],2,2,,,,,,,,Inherited v3 legacy field retained for one-to-one audit mapping; v4 interpretation uses model-supported support and the v4 strict/minimal-core rules.,partial,partial,present,strict rule: all field components required for present; minimal-core rule is exploratory sensitivity only,Model-supported support is not externally calibrated and no independent second human coder was used.,partial,partial,partial_support,partial_support,Partial support,Partial support,Retained-evidence recoverability state; not organizational presence or absence,AI-assisted semantic audit with author confirmation of changed and low-confidence decisions,2,CL024,partial_support,partial_support,retained-documentation recoverability under author-defined rules; not organizational practice,
V25R024,AIID24,AIID24,CL024,Warehouse robot ruptures can of bear spray and injures workers,closure,Closure basis,applicable,absent,absent,absent,absent,[],[],[],0,0,,,,,,,,Inherited v3 legacy field retained for one-to-one audit mapping; v4 interpretation uses model-supported support and the v4 strict/minimal-core rules.,absent,absent,absent,strict rule: all field components required for present; minimal-core rule is exploratory sensitivity only,Model-supported support is not externally calibrated and no independent second human coder was used.,absent,absent,not_recovered,not_recovered,Not recovered,Not recovered,Retained-evidence recoverability state; not organizational presence or absence,AI-assisted semantic audit with author confirmation of changed and low-confidence decisions,2,CL024,not_recovered,not_recovered,retained-documentation recoverability under author-defined rules; not organizational practice,indeterminate_from_retained_bundle
V25R025,AIID25,AIID25,CL025,Length of Stay False Diagnosis Cut Off Insurer's Payment for Treatment of Elderly Woman,exposure,Exposure opportunity framework,applicable,absent,absent,absent,absent,[],[],[],0,0,,,,,,,,Inherited v3 legacy field retained for one-to-one audit mapping; v4 interpretation uses model-supported support and the v4 strict/minimal-core rules.,absent,absent,absent,strict rule: all field components required for present; minimal-core rule is exploratory sensitivity only,Model-supported support is not externally calibrated and no independent second human coder was used.,absent,absent,not_recovered,not_recovered,Not recovered,Not recovered,Retained-evidence recoverability state; not organizational presence or absence,AI-assisted semantic audit with author confirmation of changed and low-confidence decisions,501,CL025,not_recovered,not_recovered,retained-documentation recoverability under author-defined rules; not organizational practice,indeterminate_from_retained_bundle
V25R025,AIID25,AIID25,CL025,Length of Stay False Diagnosis Cut Off Insurer's Payment for Treatment of Elderly Woman,follow_up,Follow-up window,applicable,absent,absent,absent,absent,[],[],[],0,0,,,,,,,,Inherited v3 legacy field retained for one-to-one audit mapping; v4 interpretation uses model-supported support and the v4 strict/minimal-core rules.,absent,absent,absent,strict rule: all field components required for present; minimal-core rule is exploratory sensitivity only,Model-supported support is not externally calibrated and no independent second human coder was used.,absent,absent,not_recovered,not_recovered,Not recovered,Not recovered,Retained-evidence recoverability state; not organizational presence or absence,AI-assisted semantic audit with author confirmation of changed and low-confidence decisions,501,CL025,not_recovered,not_recovered,retained-documentation recoverability under author-defined rules; not organizational practice,indeterminate_from_retained_bundle
V25R025,AIID25,AIID25,CL025,Length of Stay False Diagnosis Cut Off Insurer's Payment for Treatment of Elderly Woman,closure,Closure basis,applicable,absent,absent,absent,absent,[],[],[],0,0,,,,,,,,Inherited v3 legacy field retained for one-to-one audit mapping; v4 interpretation uses model-supported support and the v4 strict/minimal-core rules.,absent,absent,absent,strict rule: all field components required for present; minimal-core rule is exploratory sensitivity only,Model-supported support is not externally calibrated and no independent second human coder was used.,absent,absent,not_recovered,not_recovered,Not recovered,Not recovered,Retained-evidence recoverability state; not organizational presence or absence,AI-assisted semantic audit with author confirmation of changed and low-confidence decisions,501,CL025,not_recovered,not_recovered,retained-documentation recoverability under author-defined rules; not organizational practice,indeterminate_from_retained_bundle
V25R026,AIID26,AIID26,CL026,Virginia Courts’ Algorithmic Recidivism Risk Assessment Failed to Lower Incarceration Rates,exposure,Exposure opportunity framework,applicable,partial,partial,partial,partial,"['unit', 'eligibility']","['unit', 'eligibility']",[],2,2,,,,,,,,Inherited v3 legacy field retained for one-to-one audit mapping; v4 interpretation uses model-supported support and the v4 strict/minimal-core rules.,partial,partial,present,strict rule: all field components required for present; minimal-core rule is exploratory sensitivity only,Model-supported support is not externally calibrated and no independent second human coder was used.,partial,partial,partial_support,partial_support,Partial support,Partial support,Retained-evidence recoverability state; not organizational presence or absence,AI-assisted semantic audit with author confirmation of changed and low-confidence decisions,274,CL026,partial_support,partial_support,retained-documentation recoverability under author-defined rules; not organizational practice,
V25R026,AIID26,AIID26,CL026,Virginia Courts’ Algorithmic Recidivism Risk Assessment Failed to Lower Incarceration Rates,follow_up,Follow-up window,applicable,absent,absent,absent,absent,[],[],[],0,0,,,,,,,,Inherited v3 legacy field retained for one-to-one audit mapping; v4 interpretation uses model-supported support and the v4 strict/minimal-core rules.,absent,absent,absent,strict rule: all field components required for present; minimal-core rule is exploratory sensitivity only,Model-supported support is not externally calibrated and no independent second human coder was used.,absent,absent,not_recovered,not_recovered,Not recovered,Not recovered,Retained-evidence recoverability state; not organizational presence or absence,AI-assisted semantic audit with author confirmation of changed and low-confidence decisions,274,CL026,not_recovered,not_recovered,retained-documentation recoverability under author-defined rules; not organizational practice,indeterminate_from_retained_bundle
V25R026,AIID26,AIID26,CL026,Virginia Courts’ Algorithmic Recidivism Risk Assessment Failed to Lower Incarceration Rates,closure,Closure basis,applicable,absent,absent,absent,absent,[],[],[],0,0,,,,,,,,Inherited v3 legacy field retained for one-to-one audit mapping; v4 interpretation uses model-supported support and the v4 strict/minimal-core rules.,absent,absent,absent,strict rule: all field components required for present; minimal-core rule is exploratory sensitivity only,Model-supported support is not externally calibrated and no independent second human coder was used.,absent,absent,not_recovered,not_recovered,Not recovered,Not recovered,Retained-evidence recoverability state; not organizational presence or absence,AI-assisted semantic audit with author confirmation of changed and low-confidence decisions,274,CL026,not_recovered,not_recovered,retained-documentation recoverability under author-defined rules; not organizational practice,indeterminate_from_retained_bundle
V25R027,AIID27,AIID27,CL027,Unverified Misreading by Automated Plate Reader Led to Traffic Stop and Restraint of an Innocent Person at Gunpoint in California,exposure,Exposure opportunity framework,applicable,partial,partial,partial,partial,['unit'],['unit'],[],1,1,,,,,,,,Inherited v3 legacy field retained for one-to-one audit mapping; v4 interpretation uses model-supported support and the v4 strict/minimal-core rules.,partial,partial,partial,strict rule: all field components required for present; minimal-core rule is exploratory sensitivity only,Model-supported support is not externally calibrated and no independent second human coder was used.,partial,partial,partial_support,partial_support,Partial support,Partial support,Retained-evidence recoverability state; not organizational presence or absence,AI-assisted semantic audit with author confirmation of changed and low-confidence decisions,245,CL027,partial_support,partial_support,retained-documentation recoverability under author-defined rules; not organizational practice,
V25R027,AIID27,AIID27,CL027,Unverified Misreading by Automated Plate Reader Led to Traffic Stop and Restraint of an Innocent Person at Gunpoint in California,follow_up,Follow-up window,applicable,absent,absent,absent,absent,[],[],[],0,0,,,,,,,,Inherited v3 legacy field retained for one-to-one audit mapping; v4 interpretation uses model-supported support and the v4 strict/minimal-core rules.,absent,absent,absent,strict rule: all field components required for present; minimal-core rule is exploratory sensitivity only,Model-supported support is not externally calibrated and no independent second human coder was used.,absent,absent,not_recovered,not_recovered,Not recovered,Not recovered,Retained-evidence recoverability state; not organizational presence or absence,AI-assisted semantic audit with author confirmation of changed and low-confidence decisions,245,CL027,not_recovered,not_recovered,retained-documentation recoverability under author-defined rules; not organizational practice,indeterminate_from_retained_bundle
V25R027,AIID27,AIID27,CL027,Unverified Misreading by Automated Plate Reader Led to Traffic Stop and Restraint of an Innocent Person at Gunpoint in California,closure,Closure basis,applicable,absent,absent,absent,absent,[],[],[],0,0,,,,,,,,Inherited v3 legacy field retained for one-to-one audit mapping; v4 interpretation uses model-supported support and the v4 strict/minimal-core rules.,absent,absent,absent,strict rule: all field components required for present; minimal-core rule is exploratory sensitivity only,Model-supported support is not externally calibrated and no independent second human coder was used.,absent,absent,not_recovered,not_recovered,Not recovered,Not recovered,Retained-evidence recoverability state; not organizational presence or absence,AI-assisted semantic audit with author confirmation of changed and low-confidence decisions,245,CL027,not_recovered,not_recovered,retained-documentation recoverability under author-defined rules; not organizational practice,indeterminate_from_retained_bundle
V25R028,AIID28,AIID28,CL028,Police Reportedly Deployed ShotSpotter Sensors Disproportionately in Neighborhoods of Color,exposure,Exposure opportunity framework,applicable,partial,partial,partial,partial,"['unit', 'eligibility', 'coverage']","['unit', 'eligibility', 'coverage']",[],3,3,,,,,,,,Inherited v3 legacy field retained for one-to-one audit mapping; v4 interpretation uses model-supported support and the v4 strict/minimal-core rules.,partial,partial,present,strict rule: all field components required for present; minimal-core rule is exploratory sensitivity only,Model-supported support is not externally calibrated and no independent second human coder was used.,partial,partial,partial_support,partial_support,Partial support,Partial support,Retained-evidence recoverability state; not organizational presence or absence,AI-assisted semantic audit with author confirmation of changed and low-confidence decisions,257,CL028,partial_support,partial_support,retained-documentation recoverability under author-defined rules; not organizational practice,
V25R028,AIID28,AIID28,CL028,Police Reportedly Deployed ShotSpotter Sensors Disproportionately in Neighborhoods of Color,follow_up,Follow-up window,applicable,absent,absent,absent,absent,[],[],[],0,0,,,,,,,,Inherited v3 legacy field retained for one-to-one audit mapping; v4 interpretation uses model-supported support and the v4 strict/minimal-core rules.,absent,absent,absent,strict rule: all field components required for present; minimal-core rule is exploratory sensitivity only,Model-supported support is not externally calibrated and no independent second human coder was used.,absent,absent,not_recovered,not_recovered,Not recovered,Not recovered,Retained-evidence recoverability state; not organizational presence or absence,AI-assisted semantic audit with author confirmation of changed and low-confidence decisions,257,CL028,not_recovered,not_recovered,retained-documentation recoverability under author-defined rules; not organizational practice,indeterminate_from_retained_bundle
V25R028,AIID28,AIID28,CL028,Police Reportedly Deployed ShotSpotter Sensors Disproportionately in Neighborhoods of Color,closure,Closure basis,applicable,absent,absent,absent,absent,[],[],[],0,0,,,,,,,,Inherited v3 legacy field retained for one-to-one audit mapping; v4 interpretation uses model-supported support and the v4 strict/minimal-core rules.,absent,absent,absent,strict rule: all field components required for present; minimal-core rule is exploratory sensitivity only,Model-supported support is not externally calibrated and no independent second human coder was used.,absent,absent,not_recovered,not_recovered,Not recovered,Not recovered,Retained-evidence recoverability state; not organizational presence or absence,AI-assisted semantic audit with author confirmation of changed and low-confidence decisions,257,CL028,not_recovered,not_recovered,retained-documentation recoverability under author-defined rules; not organizational practice,indeterminate_from_retained_bundle
V25R029,AIID29,AIID29,CL029,Chicago Police's Strategic Subject List Reportedly Biased Along Racial Lines,exposure,Exposure opportunity framework,applicable,present,present,present,present,"['unit', 'eligibility', 'time_origin', 'coverage']","['unit', 'eligibility', 'time_origin', 'coverage']",[],4,4,,,,,,,,Inherited v3 legacy field retained for one-to-one audit mapping; v4 interpretation uses model-supported support and the v4 strict/minimal-core rules.,present,present,present,strict rule: all field components required for present; minimal-core rule is exploratory sensitivity only,Model-supported support is not externally calibrated and no independent second human coder was used.,present,present,complete_support,complete_support,Complete support,Complete support,Retained-evidence recoverability state; not organizational presence or absence,AI-assisted semantic audit with author confirmation of changed and low-confidence decisions,433,CL029,complete_support,complete_support,retained-documentation recoverability under author-defined rules; not organizational practice,
V25R029,AIID29,AIID29,CL029,Chicago Police's Strategic Subject List Reportedly Biased Along Racial Lines,follow_up,Follow-up window,applicable,absent,absent,absent,absent,[],[],[],0,0,,,,,,,,Inherited v3 legacy field retained for one-to-one audit mapping; v4 interpretation uses model-supported support and the v4 strict/minimal-core rules.,absent,absent,absent,strict rule: all field components required for present; minimal-core rule is exploratory sensitivity only,Model-supported support is not externally calibrated and no independent second human coder was used.,absent,absent,not_recovered,not_recovered,Not recovered,Not recovered,Retained-evidence recoverability state; not organizational presence or absence,AI-assisted semantic audit with author confirmation of changed and low-confidence decisions,433,CL029,not_recovered,not_recovered,retained-documentation recoverability under author-defined rules; not organizational practice,indeterminate_from_retained_bundle
V25R029,AIID29,AIID29,CL029,Chicago Police's Strategic Subject List Reportedly Biased Along Racial Lines,closure,Closure basis,applicable,partial,partial,partial,partial,"['scope', 'evidence_basis']","['scope', 'evidence_basis']",[],2,2,,,,,,,,Inherited v3 legacy field retained for one-to-one audit mapping; v4 interpretation uses model-supported support and the v4 strict/minimal-core rules.,partial,partial,partial,strict rule: all field components required for present; minimal-core rule is exploratory sensitivity only,Model-supported support is not externally calibrated and no independent second human coder was used.,partial,partial,partial_support,partial_support,Partial support,Partial support,Retained-evidence recoverability state; not organizational presence or absence,AI-assisted semantic audit with author confirmation of changed and low-confidence decisions,433,CL029,partial_support,partial_support,retained-documentation recoverability under author-defined rules; not organizational practice,
V25R030,AIID30,AIID30,CL030,Police Departments Reported ShotSpotter as Unreliable and Wasteful,exposure,Exposure opportunity framework,applicable,absent,absent,absent,absent,[],[],[],0,0,,,,,,,,Inherited v3 legacy field retained for one-to-one audit mapping; v4 interpretation uses model-supported support and the v4 strict/minimal-core rules.,absent,absent,absent,strict rule: all field components required for present; minimal-core rule is exploratory sensitivity only,Model-supported support is not externally calibrated and no independent second human coder was used.,absent,absent,not_recovered,not_recovered,Not recovered,Not recovered,Retained-evidence recoverability state; not organizational presence or absence,AI-assisted semantic audit with author confirmation of changed and low-confidence decisions,112,CL030,not_recovered,not_recovered,retained-documentation recoverability under author-defined rules; not organizational practice,indeterminate_from_retained_bundle
V25R030,AIID30,AIID30,CL030,Police Departments Reported ShotSpotter as Unreliable and Wasteful,follow_up,Follow-up window,applicable,partial,partial,partial,partial,['trace_coverage'],['trace_coverage'],[],1,1,,,,,,,,Inherited v3 legacy field retained for one-to-one audit mapping; v4 interpretation uses model-supported support and the v4 strict/minimal-core rules.,partial,partial,absent,strict rule: all field components required for present; minimal-core rule is exploratory sensitivity only,Model-supported support is not externally calibrated and no independent second human coder was used.,partial,partial,partial_support,partial_support,Partial support,Partial support,Retained-evidence recoverability state; not organizational presence or absence,AI-assisted semantic audit with author confirmation of changed and low-confidence decisions,112,CL030,partial_support,partial_support,retained-documentation recoverability under author-defined rules; not organizational practice,
V25R030,AIID30,AIID30,CL030,Police Departments Reported ShotSpotter as Unreliable and Wasteful,closure,Closure basis,applicable,absent,absent,absent,absent,[],[],[],0,0,,,,,,,,Inherited v3 legacy field retained for one-to-one audit mapping; v4 interpretation uses model-supported support and the v4 strict/minimal-core rules.,absent,absent,absent,strict rule: all field components required for present; minimal-core rule is exploratory sensitivity only,Model-supported support is not externally calibrated and no independent second human coder was used.,absent,absent,not_recovered,not_recovered,Not recovered,Not recovered,Retained-evidence recoverability state; not organizational presence or absence,AI-assisted semantic audit with author confirmation of changed and low-confidence decisions,112,CL030,not_recovered,not_recovered,retained-documentation recoverability under author-defined rules; not organizational practice,indeterminate_from_retained_bundle
V25R031,AIID31,AIID31,CL031,Facebook Ad-Approval Algorithm Allegedly Missed Fraudulent Ads via Simple URL Checks,exposure,Exposure opportunity framework,applicable,absent,absent,absent,absent,[],[],[],0,0,,,,,,,,Inherited v3 legacy field retained for one-to-one audit mapping; v4 interpretation uses model-supported support and the v4 strict/minimal-core rules.,absent,absent,absent,strict rule: all field components required for present; minimal-core rule is exploratory sensitivity only,Model-supported support is not externally calibrated and no independent second human coder was used.,absent,absent,not_recovered,not_recovered,Not recovered,Not recovered,Retained-evidence recoverability state; not organizational presence or absence,AI-assisted semantic audit with author confirmation of changed and low-confidence decisions,316,CL031,not_recovered,not_recovered,retained-documentation recoverability under author-defined rules; not organizational practice,indeterminate_from_retained_bundle
V25R031,AIID31,AIID31,CL031,Facebook Ad-Approval Algorithm Allegedly Missed Fraudulent Ads via Simple URL Checks,follow_up,Follow-up window,applicable,absent,absent,absent,absent,[],[],[],0,0,,,,,,,,Inherited v3 legacy field retained for one-to-one audit mapping; v4 interpretation uses model-supported support and the v4 strict/minimal-core rules.,absent,absent,absent,strict rule: all field components required for present; minimal-core rule is exploratory sensitivity only,Model-supported support is not externally calibrated and no independent second human coder was used.,absent,absent,not_recovered,not_recovered,Not recovered,Not recovered,Retained-evidence recoverability state; not organizational presence or absence,AI-assisted semantic audit with author confirmation of changed and low-confidence decisions,316,CL031,not_recovered,not_recovered,retained-documentation recoverability under author-defined rules; not organizational practice,indeterminate_from_retained_bundle
V25R031,AIID31,AIID31,CL031,Facebook Ad-Approval Algorithm Allegedly Missed Fraudulent Ads via Simple URL Checks,closure,Closure basis,applicable,absent,absent,absent,absent,[],[],[],0,0,,,,,,,,Inherited v3 legacy field retained for one-to-one audit mapping; v4 interpretation uses model-supported support and the v4 strict/minimal-core rules.,absent,absent,absent,strict rule: all field components required for present; minimal-core rule is exploratory sensitivity only,Model-supported support is not externally calibrated and no independent second human coder was used.,absent,absent,not_recovered,not_recovered,Not recovered,Not recovered,Retained-evidence recoverability state; not organizational presence or absence,AI-assisted semantic audit with author confirmation of changed and low-confidence decisions,316,CL031,not_recovered,not_recovered,retained-documentation recoverability under author-defined rules; not organizational practice,indeterminate_from_retained_bundle
V25R032,AIID32,AIID32,CL032,Security Robot Rolls Over Child in Mall,exposure,Exposure opportunity framework,applicable,absent,absent,absent,absent,[],[],[],0,0,,,,,,,,Inherited v3 legacy field retained for one-to-one audit mapping; v4 interpretation uses model-supported support and the v4 strict/minimal-core rules.,absent,absent,absent,strict rule: all field components required for present; minimal-core rule is exploratory sensitivity only,Model-supported support is not externally calibrated and no independent second human coder was used.,absent,absent,not_recovered,not_recovered,Not recovered,Not recovered,Retained-evidence recoverability state; not organizational presence or absence,AI-assisted semantic audit with author confirmation of changed and low-confidence decisions,51,CL032,not_recovered,not_recovered,retained-documentation recoverability under author-defined rules; not organizational practice,indeterminate_from_retained_bundle
V25R032,AIID32,AIID32,CL032,Security Robot Rolls Over Child in Mall,follow_up,Follow-up window,applicable,absent,absent,absent,absent,[],[],[],0,0,,,,,,,,Inherited v3 legacy field retained for one-to-one audit mapping; v4 interpretation uses model-supported support and the v4 strict/minimal-core rules.,absent,absent,absent,strict rule: all field components required for present; minimal-core rule is exploratory sensitivity only,Model-supported support is not externally calibrated and no independent second human coder was used.,absent,absent,not_recovered,not_recovered,Not recovered,Not recovered,Retained-evidence recoverability state; not organizational presence or absence,AI-assisted semantic audit with author confirmation of changed and low-confidence decisions,51,CL032,not_recovered,not_recovered,retained-documentation recoverability under author-defined rules; not organizational practice,indeterminate_from_retained_bundle
V25R032,AIID32,AIID32,CL032,Security Robot Rolls Over Child in Mall,closure,Closure basis,applicable,absent,absent,absent,absent,[],[],[],0,0,,,,,,,,Inherited v3 legacy field retained for one-to-one audit mapping; v4 interpretation uses model-supported support and the v4 strict/minimal-core rules.,absent,absent,absent,strict rule: all field components required for present; minimal-core rule is exploratory sensitivity only,Model-supported support is not externally calibrated and no independent second human coder was used.,absent,absent,not_recovered,not_recovered,Not recovered,Not recovered,Retained-evidence recoverability state; not organizational presence or absence,AI-assisted semantic audit with author confirmation of changed and low-confidence decisions,51,CL032,not_recovered,not_recovered,retained-documentation recoverability under author-defined rules; not organizational practice,indeterminate_from_retained_bundle
V25R033,AIID33,AIID33,CL033,BBC Reporter's Twin Brother Cracked HSBC's Voice ID Authentication,exposure,Exposure opportunity framework,applicable,absent,absent,absent,absent,[],[],[],0,0,,,,,,,,Inherited v3 legacy field retained for one-to-one audit mapping; v4 interpretation uses model-supported support and the v4 strict/minimal-core rules.,absent,absent,absent,strict rule: all field components required for present; minimal-core rule is exploratory sensitivity only,Model-supported support is not externally calibrated and no independent second human coder was used.,absent,absent,not_recovered,not_recovered,Not recovered,Not recovered,Retained-evidence recoverability state; not organizational presence or absence,AI-assisted semantic audit with author confirmation of changed and low-confidence decisions,428,CL033,not_recovered,not_recovered,retained-documentation recoverability under author-defined rules; not organizational practice,indeterminate_from_retained_bundle
V25R033,AIID33,AIID33,CL033,BBC Reporter's Twin Brother Cracked HSBC's Voice ID Authentication,follow_up,Follow-up window,applicable,absent,absent,absent,absent,[],[],[],0,0,,,,,,,,Inherited v3 legacy field retained for one-to-one audit mapping; v4 interpretation uses model-supported support and the v4 strict/minimal-core rules.,absent,absent,absent,strict rule: all field components required for present; minimal-core rule is exploratory sensitivity only,Model-supported support is not externally calibrated and no independent second human coder was used.,absent,absent,not_recovered,not_recovered,Not recovered,Not recovered,Retained-evidence recoverability state; not organizational presence or absence,AI-assisted semantic audit with author confirmation of changed and low-confidence decisions,428,CL033,not_recovered,not_recovered,retained-documentation recoverability under author-defined rules; not organizational practice,indeterminate_from_retained_bundle
V25R033,AIID33,AIID33,CL033,BBC Reporter's Twin Brother Cracked HSBC's Voice ID Authentication,closure,Closure basis,applicable,absent,absent,absent,absent,[],[],[],0,0,,,,,,,,Inherited v3 legacy field retained for one-to-one audit mapping; v4 interpretation uses model-supported support and the v4 strict/minimal-core rules.,absent,absent,absent,strict rule: all field components required for present; minimal-core rule is exploratory sensitivity only,Model-supported support is not externally calibrated and no independent second human coder was used.,absent,absent,not_recovered,not_recovered,Not recovered,Not recovered,Retained-evidence recoverability state; not organizational presence or absence,AI-assisted semantic audit with author confirmation of changed and low-confidence decisions,428,CL033,not_recovered,not_recovered,retained-documentation recoverability under author-defined rules; not organizational practice,indeterminate_from_retained_bundle
V25R034,AIID34,AIID34,CL034,Deepfake Obama Introduction of Deepfakes,exposure,Exposure opportunity framework,applicable,absent,absent,absent,absent,[],[],[],0,0,,,,,,,,Inherited v3 legacy field retained for one-to-one audit mapping; v4 interpretation uses model-supported support and the v4 strict/minimal-core rules.,absent,absent,absent,strict rule: all field components required for present; minimal-core rule is exploratory sensitivity only,Model-supported support is not externally calibrated and no independent second human coder was used.,absent,absent,not_recovered,not_recovered,Not recovered,Not recovered,Retained-evidence recoverability state; not organizational presence or absence,AI-assisted semantic audit with author confirmation of changed and low-confidence decisions,39,CL034,not_recovered,not_recovered,retained-documentation recoverability under author-defined rules; not organizational practice,indeterminate_from_retained_bundle
V25R034,AIID34,AIID34,CL034,Deepfake Obama Introduction of Deepfakes,follow_up,Follow-up window,applicable,absent,absent,absent,absent,[],[],[],0,0,,,,,,,,Inherited v3 legacy field retained for one-to-one audit mapping; v4 interpretation uses model-supported support and the v4 strict/minimal-core rules.,absent,absent,absent,strict rule: all field components required for present; minimal-core rule is exploratory sensitivity only,Model-supported support is not externally calibrated and no independent second human coder was used.,absent,absent,not_recovered,not_recovered,Not recovered,Not recovered,Retained-evidence recoverability state; not organizational presence or absence,AI-assisted semantic audit with author confirmation of changed and low-confidence decisions,39,CL034,not_recovered,not_recovered,retained-documentation recoverability under author-defined rules; not organizational practice,indeterminate_from_retained_bundle
V25R034,AIID34,AIID34,CL034,Deepfake Obama Introduction of Deepfakes,closure,Closure basis,applicable,absent,absent,absent,absent,[],[],[],0,0,,,,,,,,Inherited v3 legacy field retained for one-to-one audit mapping; v4 interpretation uses model-supported support and the v4 strict/minimal-core rules.,absent,absent,absent,strict rule: all field components required for present; minimal-core rule is exploratory sensitivity only,Model-supported support is not externally calibrated and no independent second human coder was used.,absent,absent,not_recovered,not_recovered,Not recovered,Not recovered,Retained-evidence recoverability state; not organizational presence or absence,AI-assisted semantic audit with author confirmation of changed and low-confidence decisions,39,CL034,not_recovered,not_recovered,retained-documentation recoverability under author-defined rules; not organizational practice,indeterminate_from_retained_bundle
V25R035,AIID35,AIID35,CL035,Security Robot Drowns Itself in a Fountain,exposure,Exposure opportunity framework,applicable,partial,partial,partial,partial,"['unit', 'time_origin', 'coverage']","['unit', 'time_origin', 'coverage']",[],3,3,,,,,,,,Inherited v3 legacy field retained for one-to-one audit mapping; v4 interpretation uses model-supported support and the v4 strict/minimal-core rules.,partial,partial,partial,strict rule: all field components required for present; minimal-core rule is exploratory sensitivity only,Model-supported support is not externally calibrated and no independent second human coder was used.,partial,partial,partial_support,partial_support,Partial support,Partial support,Retained-evidence recoverability state; not organizational presence or absence,AI-assisted semantic audit with author confirmation of changed and low-confidence decisions,68,CL035,partial_support,partial_support,retained-documentation recoverability under author-defined rules; not organizational practice,
V25R035,AIID35,AIID35,CL035,Security Robot Drowns Itself in a Fountain,follow_up,Follow-up window,applicable,absent,absent,absent,absent,[],[],[],0,0,,,,,,,,Inherited v3 legacy field retained for one-to-one audit mapping; v4 interpretation uses model-supported support and the v4 strict/minimal-core rules.,absent,absent,absent,strict rule: all field components required for present; minimal-core rule is exploratory sensitivity only,Model-supported support is not externally calibrated and no independent second human coder was used.,absent,absent,not_recovered,not_recovered,Not recovered,Not recovered,Retained-evidence recoverability state; not organizational presence or absence,AI-assisted semantic audit with author confirmation of changed and low-confidence decisions,68,CL035,not_recovered,not_recovered,retained-documentation recoverability under author-defined rules; not organizational practice,indeterminate_from_retained_bundle
V25R035,AIID35,AIID35,CL035,Security Robot Drowns Itself in a Fountain,closure,Closure basis,applicable,absent,absent,absent,absent,[],[],[],0,0,,,,,,,,Inherited v3 legacy field retained for one-to-one audit mapping; v4 interpretation uses model-supported support and the v4 strict/minimal-core rules.,absent,absent,absent,strict rule: all field components required for present; minimal-core rule is exploratory sensitivity only,Model-supported support is not externally calibrated and no independent second human coder was used.,absent,absent,not_recovered,not_recovered,Not recovered,Not recovered,Retained-evidence recoverability state; not organizational presence or absence,AI-assisted semantic audit with author confirmation of changed and low-confidence decisions,68,CL035,not_recovered,not_recovered,retained-documentation recoverability under author-defined rules; not organizational practice,indeterminate_from_retained_bundle
V25R036,AIID36,AIID36,CL036,Machine Personal Assistants Failed to Maintain Social Norms,exposure,Exposure opportunity framework,applicable,partial,partial,partial,partial,"['unit', 'time_origin', 'coverage']","['unit', 'time_origin', 'coverage']",[],3,3,,,,,,,,Inherited v3 legacy field retained for one-to-one audit mapping; v4 interpretation uses model-supported support and the v4 strict/minimal-core rules.,partial,partial,partial,strict rule: all field components required for present; minimal-core rule is exploratory sensitivity only,Model-supported support is not externally calibrated and no independent second human coder was used.,partial,partial,partial_support,partial_support,Partial support,Partial support,Retained-evidence recoverability state; not organizational presence or absence,AI-assisted semantic audit with author confirmation of changed and low-confidence decisions,44,CL036,partial_support,partial_support,retained-documentation recoverability under author-defined rules; not organizational practice,
V25R036,AIID36,AIID36,CL036,Machine Personal Assistants Failed to Maintain Social Norms,follow_up,Follow-up window,applicable,absent,absent,absent,absent,[],[],[],0,0,,,,,,,,Inherited v3 legacy field retained for one-to-one audit mapping; v4 interpretation uses model-supported support and the v4 strict/minimal-core rules.,absent,absent,absent,strict rule: all field components required for present; minimal-core rule is exploratory sensitivity only,Model-supported support is not externally calibrated and no independent second human coder was used.,absent,absent,not_recovered,not_recovered,Not recovered,Not recovered,Retained-evidence recoverability state; not organizational presence or absence,AI-assisted semantic audit with author confirmation of changed and low-confidence decisions,44,CL036,not_recovered,not_recovered,retained-documentation recoverability under author-defined rules; not organizational practice,indeterminate_from_retained_bundle
V25R036,AIID36,AIID36,CL036,Machine Personal Assistants Failed to Maintain Social Norms,closure,Closure basis,applicable,absent,absent,absent,absent,[],[],[],0,0,,,,,,,,Inherited v3 legacy field retained for one-to-one audit mapping; v4 interpretation uses model-supported support and the v4 strict/minimal-core rules.,absent,absent,absent,strict rule: all field components required for present; minimal-core rule is exploratory sensitivity only,Model-supported support is not externally calibrated and no independent second human coder was used.,absent,absent,not_recovered,not_recovered,Not recovered,Not recovered,Retained-evidence recoverability state; not organizational presence or absence,AI-assisted semantic audit with author confirmation of changed and low-confidence decisions,44,CL036,not_recovered,not_recovered,retained-documentation recoverability under author-defined rules; not organizational practice,indeterminate_from_retained_bundle
V25R037,AIID37,AIID37,CL037,UT Austin's GRADE Algorithm Reportedly Reduced Review of Lower-Scored PhD Applicants Amid Bias Concerns,exposure,Exposure opportunity framework,applicable,partial,partial,partial,partial,"['unit', 'eligibility', 'time_origin']","['unit', 'eligibility', 'time_origin']",[],3,3,,,,,,,,Inherited v3 legacy field retained for one-to-one audit mapping; v4 interpretation uses model-supported support and the v4 strict/minimal-core rules.,partial,partial,present,strict rule: all field components required for present; minimal-core rule is exploratory sensitivity only,Model-supported support is not externally calibrated and no independent second human coder was used.,partial,partial,partial_support,partial_support,Partial support,Partial support,Retained-evidence recoverability state; not organizational presence or absence,AI-assisted semantic audit with author confirmation of changed and low-confidence decisions,135,CL037,partial_support,partial_support,retained-documentation recoverability under author-defined rules; not organizational practice,
V25R037,AIID37,AIID37,CL037,UT Austin's GRADE Algorithm Reportedly Reduced Review of Lower-Scored PhD Applicants Amid Bias Concerns,follow_up,Follow-up window,applicable,absent,absent,absent,absent,[],[],[],0,0,,,,,,,,Inherited v3 legacy field retained for one-to-one audit mapping; v4 interpretation uses model-supported support and the v4 strict/minimal-core rules.,absent,absent,absent,strict rule: all field components required for present; minimal-core rule is exploratory sensitivity only,Model-supported support is not externally calibrated and no independent second human coder was used.,absent,absent,not_recovered,not_recovered,Not recovered,Not recovered,Retained-evidence recoverability state; not organizational presence or absence,AI-assisted semantic audit with author confirmation of changed and low-confidence decisions,135,CL037,not_recovered,not_recovered,retained-documentation recoverability under author-defined rules; not organizational practice,indeterminate_from_retained_bundle
V25R037,AIID37,AIID37,CL037,UT Austin's GRADE Algorithm Reportedly Reduced Review of Lower-Scored PhD Applicants Amid Bias Concerns,closure,Closure basis,applicable,partial,partial,partial,partial,"['scope', 'owner']","['scope', 'evidence_basis', 'owner']",['evidence_basis'],2,3,,,,,,,,Inherited v3 legacy field retained for one-to-one audit mapping; v4 interpretation uses model-supported support and the v4 strict/minimal-core rules.,partial,partial,partial,strict rule: all field components required for present; minimal-core rule is exploratory sensitivity only,Model-supported support is not externally calibrated and no independent second human coder was used.,partial,partial,partial_support,partial_support,Partial support,Partial support,Retained-evidence recoverability state; not organizational presence or absence,AI-assisted semantic audit with author confirmation of changed and low-confidence decisions,135,CL037,partial_support,partial_support,retained-documentation recoverability under author-defined rules; not organizational practice,
V25R038,AIID38,AIID38,CL038,Inappropriate Gmail Smart Reply Suggestions,exposure,Exposure opportunity framework,applicable,partial,partial,partial,partial,['unit'],['unit'],[],1,1,,,,,,,,Inherited v3 legacy field retained for one-to-one audit mapping; v4 interpretation uses model-supported support and the v4 strict/minimal-core rules.,partial,partial,partial,strict rule: all field components required for present; minimal-core rule is exploratory sensitivity only,Model-supported support is not externally calibrated and no independent second human coder was used.,partial,partial,partial_support,partial_support,Partial support,Partial support,Retained-evidence recoverability state; not organizational presence or absence,AI-assisted semantic audit with author confirmation of changed and low-confidence decisions,17,CL038,partial_support,partial_support,retained-documentation recoverability under author-defined rules; not organizational practice,
V25R038,AIID38,AIID38,CL038,Inappropriate Gmail Smart Reply Suggestions,follow_up,Follow-up window,applicable,absent,absent,absent,absent,[],[],[],0,0,,,,,,,,Inherited v3 legacy field retained for one-to-one audit mapping; v4 interpretation uses model-supported support and the v4 strict/minimal-core rules.,absent,absent,absent,strict rule: all field components required for present; minimal-core rule is exploratory sensitivity only,Model-supported support is not externally calibrated and no independent second human coder was used.,absent,absent,not_recovered,not_recovered,Not recovered,Not recovered,Retained-evidence recoverability state; not organizational presence or absence,AI-assisted semantic audit with author confirmation of changed and low-confidence decisions,17,CL038,not_recovered,not_recovered,retained-documentation recoverability under author-defined rules; not organizational practice,indeterminate_from_retained_bundle
V25R038,AIID38,AIID38,CL038,Inappropriate Gmail Smart Reply Suggestions,closure,Closure basis,applicable,absent,absent,absent,absent,[],[],[],0,0,,,,,,,,Inherited v3 legacy field retained for one-to-one audit mapping; v4 interpretation uses model-supported support and the v4 strict/minimal-core rules.,absent,absent,absent,strict rule: all field components required for present; minimal-core rule is exploratory sensitivity only,Model-supported support is not externally calibrated and no independent second human coder was used.,absent,absent,not_recovered,not_recovered,Not recovered,Not recovered,Retained-evidence recoverability state; not organizational presence or absence,AI-assisted semantic audit with author confirmation of changed and low-confidence decisions,17,CL038,not_recovered,not_recovered,retained-documentation recoverability under author-defined rules; not organizational practice,indeterminate_from_retained_bundle
V25R039,AIID39,AIID39,CL039,COMPAS Algorithm Reportedly Performs Poorly in Crime Recidivism Prediction,exposure,Exposure opportunity framework,applicable,partial,partial,partial,partial,"['unit', 'time_origin']","['unit', 'time_origin', 'coverage']",['coverage'],2,3,,,,,,,,Inherited v3 legacy field retained for one-to-one audit mapping; v4 interpretation uses model-supported support and the v4 strict/minimal-core rules.,partial,partial,partial,strict rule: all field components required for present; minimal-core rule is exploratory sensitivity only,Model-supported support is not externally calibrated and no independent second human coder was used.,partial,partial,partial_support,partial_support,Partial support,Partial support,Retained-evidence recoverability state; not organizational presence or absence,AI-assisted semantic audit with author confirmation of changed and low-confidence decisions,40,CL039,partial_support,partial_support,retained-documentation recoverability under author-defined rules; not organizational practice,
V25R039,AIID39,AIID39,CL039,COMPAS Algorithm Reportedly Performs Poorly in Crime Recidivism Prediction,follow_up,Follow-up window,applicable,partial,partial,partial,partial,"['calendar_interval', 'exposure_qualified_observation']","['calendar_interval', 'exposure_qualified_observation']",[],2,2,,,,,,,,Inherited v3 legacy field retained for one-to-one audit mapping; v4 interpretation uses model-supported support and the v4 strict/minimal-core rules.,partial,partial,present,strict rule: all field components required for present; minimal-core rule is exploratory sensitivity only,Model-supported support is not externally calibrated and no independent second human coder was used.,partial,partial,partial_support,partial_support,Partial support,Partial support,Retained-evidence recoverability state; not organizational presence or absence,AI-assisted semantic audit with author confirmation of changed and low-confidence decisions,40,CL039,partial_support,partial_support,retained-documentation recoverability under author-defined rules; not organizational practice,
V25R039,AIID39,AIID39,CL039,COMPAS Algorithm Reportedly Performs Poorly in Crime Recidivism Prediction,closure,Closure basis,applicable,partial,partial,partial,partial,"['scope', 'evidence_basis', 'owner']","['scope', 'evidence_basis', 'owner']",[],3,3,,,,,,,,Inherited v3 legacy field retained for one-to-one audit mapping; v4 interpretation uses model-supported support and the v4 strict/minimal-core rules.,partial,partial,present,strict rule: all field components required for present; minimal-core rule is exploratory sensitivity only,Model-supported support is not externally calibrated and no independent second human coder was used.,partial,partial,partial_support,partial_support,Partial support,Partial support,Retained-evidence recoverability state; not organizational presence or absence,AI-assisted semantic audit with author confirmation of changed and low-confidence decisions,40,CL039,partial_support,partial_support,retained-documentation recoverability under author-defined rules; not organizational practice,
V25R040,AIID40,AIID40,CL040,Tougher Turing Test Exposes Chatbots’ Stupidity (migrated to Issue),exposure,Exposure opportunity framework,not_applicable,not_applicable,not_applicable,not_applicable,not_applicable,[],[],[],0,0,,,,,,,,Inherited v3 legacy field retained for one-to-one audit mapping; v4 interpretation uses model-supported support and the v4 strict/minimal-core rules.,not_applicable,not_applicable,not_applicable,strict rule: all field components required for present; minimal-core rule is exploratory sensitivity only,Model-supported support is not externally calibrated and no independent second human coder was used.,not_applicable,not_applicable,not_applicable,not_applicable,Not applicable,Not applicable,Retained-evidence recoverability state; not organizational presence or absence,AI-assisted semantic audit with author confirmation of changed and low-confidence decisions,21,CL040,not_applicable,not_applicable,retained-documentation recoverability under author-defined rules; not organizational practice,
V25R040,AIID40,AIID40,CL040,Tougher Turing Test Exposes Chatbots’ Stupidity (migrated to Issue),follow_up,Follow-up window,not_applicable,not_applicable,not_applicable,not_applicable,not_applicable,[],[],[],0,0,,,,,,,,Inherited v3 legacy field retained for one-to-one audit mapping; v4 interpretation uses model-supported support and the v4 strict/minimal-core rules.,not_applicable,not_applicable,not_applicable,strict rule: all field components required for present; minimal-core rule is exploratory sensitivity only,Model-supported support is not externally calibrated and no independent second human coder was used.,not_applicable,not_applicable,not_applicable,not_applicable,Not applicable,Not applicable,Retained-evidence recoverability state; not organizational presence or absence,AI-assisted semantic audit with author confirmation of changed and low-confidence decisions,21,CL040,not_applicable,not_applicable,retained-documentation recoverability under author-defined rules; not organizational practice,
V25R040,AIID40,AIID40,CL040,Tougher Turing Test Exposes Chatbots’ Stupidity (migrated to Issue),closure,Closure basis,not_applicable,not_applicable,not_applicable,not_applicable,not_applicable,[],[],[],0,0,,,,,,,,Inherited v3 legacy field retained for one-to-one audit mapping; v4 interpretation uses model-supported support and the v4 strict/minimal-core rules.,not_applicable,not_applicable,not_applicable,strict rule: all field components required for present; minimal-core rule is exploratory sensitivity only,Model-supported support is not externally calibrated and no independent second human coder was used.,not_applicable,not_applicable,not_applicable,not_applicable,Not applicable,Not applicable,Retained-evidence recoverability state; not organizational presence or absence,AI-assisted semantic audit with author confirmation of changed and low-confidence decisions,21,CL040,not_applicable,not_applicable,retained-documentation recoverability under author-defined rules; not organizational practice,
V25R041,PUB01,PUB01,CL041,Google’s YouTube Kids App Presents Inappropriate Content,exposure,Exposure opportunity framework,applicable,absent,absent,absent,absent,[],[],[],0,0,,,,,,,,Inherited v3 legacy field retained for one-to-one audit mapping; v4 interpretation uses model-supported support and the v4 strict/minimal-core rules.,absent,absent,absent,strict rule: all field components required for present; minimal-core rule is exploratory sensitivity only,Model-supported support is not externally calibrated and no independent second human coder was used.,absent,absent,not_recovered,not_recovered,Not recovered,Not recovered,Retained-evidence recoverability state; not organizational presence or absence,AI-assisted semantic audit with author confirmation of changed and low-confidence decisions,1,CL041,not_recovered,not_recovered,retained-documentation recoverability under author-defined rules; not organizational practice,indeterminate_from_retained_bundle
V25R041,PUB01,PUB01,CL041,Google’s YouTube Kids App Presents Inappropriate Content,follow_up,Follow-up window,applicable,absent,absent,absent,absent,[],[],[],0,0,,,,,,,,Inherited v3 legacy field retained for one-to-one audit mapping; v4 interpretation uses model-supported support and the v4 strict/minimal-core rules.,absent,absent,absent,strict rule: all field components required for present; minimal-core rule is exploratory sensitivity only,Model-supported support is not externally calibrated and no independent second human coder was used.,absent,absent,not_recovered,not_recovered,Not recovered,Not recovered,Retained-evidence recoverability state; not organizational presence or absence,AI-assisted semantic audit with author confirmation of changed and low-confidence decisions,1,CL041,not_recovered,not_recovered,retained-documentation recoverability under author-defined rules; not organizational practice,indeterminate_from_retained_bundle
V25R041,PUB01,PUB01,CL041,Google’s YouTube Kids App Presents Inappropriate Content,closure,Closure basis,applicable,absent,absent,absent,absent,[],[],[],0,0,,,,,,,,Inherited v3 legacy field retained for one-to-one audit mapping; v4 interpretation uses model-supported support and the v4 strict/minimal-core rules.,absent,absent,absent,strict rule: all field components required for present; minimal-core rule is exploratory sensitivity only,Model-supported support is not externally calibrated and no independent second human coder was used.,absent,absent,not_recovered,not_recovered,Not recovered,Not recovered,Retained-evidence recoverability state; not organizational presence or absence,AI-assisted semantic audit with author confirmation of changed and low-confidence decisions,1,CL041,not_recovered,not_recovered,retained-documentation recoverability under author-defined rules; not organizational practice,indeterminate_from_retained_bundle
V25R042,PUB02,PUB02,CL042,Crashes with Maneuvering Characteristics Augmentation System (MCAS),exposure,Exposure opportunity framework,applicable,partial,partial,partial,partial,['unit'],"['unit', 'coverage']",['coverage'],1,2,,,,,,,,Inherited v3 legacy field retained for one-to-one audit mapping; v4 interpretation uses model-supported support and the v4 strict/minimal-core rules.,partial,partial,partial,strict rule: all field components required for present; minimal-core rule is exploratory sensitivity only,Model-supported support is not externally calibrated and no independent second human coder was used.,partial,partial,partial_support,partial_support,Partial support,Partial support,Retained-evidence recoverability state; not organizational presence or absence,AI-assisted semantic audit with author confirmation of changed and low-confidence decisions,3,CL042,partial_support,partial_support,retained-documentation recoverability under author-defined rules; not organizational practice,
V25R042,PUB02,PUB02,CL042,Crashes with Maneuvering Characteristics Augmentation System (MCAS),follow_up,Follow-up window,applicable,partial,partial,partial,partial,['owner'],['owner'],[],1,1,,,,,,,,Inherited v3 legacy field retained for one-to-one audit mapping; v4 interpretation uses model-supported support and the v4 strict/minimal-core rules.,partial,partial,absent,strict rule: all field components required for present; minimal-core rule is exploratory sensitivity only,Model-supported support is not externally calibrated and no independent second human coder was used.,partial,partial,partial_support,partial_support,Partial support,Partial support,Retained-evidence recoverability state; not organizational presence or absence,AI-assisted semantic audit with author confirmation of changed and low-confidence decisions,3,CL042,partial_support,partial_support,retained-documentation recoverability under author-defined rules; not organizational practice,
V25R042,PUB02,PUB02,CL042,Crashes with Maneuvering Characteristics Augmentation System (MCAS),closure,Closure basis,applicable,absent,absent,absent,absent,[],[],[],0,0,,,,,,,,Inherited v3 legacy field retained for one-to-one audit mapping; v4 interpretation uses model-supported support and the v4 strict/minimal-core rules.,absent,absent,absent,strict rule: all field components required for present; minimal-core rule is exploratory sensitivity only,Model-supported support is not externally calibrated and no independent second human coder was used.,absent,absent,not_recovered,not_recovered,Not recovered,Not recovered,Retained-evidence recoverability state; not organizational presence or absence,AI-assisted semantic audit with author confirmation of changed and low-confidence decisions,3,CL042,not_recovered,not_recovered,retained-documentation recoverability under author-defined rules; not organizational practice,indeterminate_from_retained_bundle
V25R043,PUB03,PUB03,CL043,Uber AV Killed Pedestrian in Arizona,exposure,Exposure opportunity framework,applicable,partial,partial,partial,partial,['unit'],['unit'],[],1,1,,,,,,,,Inherited v3 legacy field retained for one-to-one audit mapping; v4 interpretation uses model-supported support and the v4 strict/minimal-core rules.,partial,partial,partial,strict rule: all field components required for present; minimal-core rule is exploratory sensitivity only,Model-supported support is not externally calibrated and no independent second human coder was used.,partial,partial,partial_support,partial_support,Partial support,Partial support,Retained-evidence recoverability state; not organizational presence or absence,AI-assisted semantic audit with author confirmation of changed and low-confidence decisions,4,CL043,partial_support,partial_support,retained-documentation recoverability under author-defined rules; not organizational practice,
V25R043,PUB03,PUB03,CL043,Uber AV Killed Pedestrian in Arizona,follow_up,Follow-up window,applicable,absent,absent,absent,absent,[],[],[],0,0,,,,,,,,Inherited v3 legacy field retained for one-to-one audit mapping; v4 interpretation uses model-supported support and the v4 strict/minimal-core rules.,absent,absent,absent,strict rule: all field components required for present; minimal-core rule is exploratory sensitivity only,Model-supported support is not externally calibrated and no independent second human coder was used.,absent,absent,not_recovered,not_recovered,Not recovered,Not recovered,Retained-evidence recoverability state; not organizational presence or absence,AI-assisted semantic audit with author confirmation of changed and low-confidence decisions,4,CL043,not_recovered,not_recovered,retained-documentation recoverability under author-defined rules; not organizational practice,indeterminate_from_retained_bundle
V25R043,PUB03,PUB03,CL043,Uber AV Killed Pedestrian in Arizona,closure,Closure basis,applicable,absent,absent,absent,absent,[],[],[],0,0,,,,,,,,Inherited v3 legacy field retained for one-to-one audit mapping; v4 interpretation uses model-supported support and the v4 strict/minimal-core rules.,absent,absent,absent,strict rule: all field components required for present; minimal-core rule is exploratory sensitivity only,Model-supported support is not externally calibrated and no independent second human coder was used.,absent,absent,not_recovered,not_recovered,Not recovered,Not recovered,Retained-evidence recoverability state; not organizational presence or absence,AI-assisted semantic audit with author confirmation of changed and low-confidence decisions,4,CL043,not_recovered,not_recovered,retained-documentation recoverability under author-defined rules; not organizational practice,indeterminate_from_retained_bundle
V25R044,PUB04,PUB04,CL044,"Microsoft's TayBot Allegedly Posts Racist, Sexist, and Anti-Semitic Content to Twitter",exposure,Exposure opportunity framework,applicable,partial,partial,partial,partial,"['unit', 'time_origin']","['unit', 'time_origin']",[],2,2,,,,,,,,Inherited v3 legacy field retained for one-to-one audit mapping; v4 interpretation uses model-supported support and the v4 strict/minimal-core rules.,partial,partial,partial,strict rule: all field components required for present; minimal-core rule is exploratory sensitivity only,Model-supported support is not externally calibrated and no independent second human coder was used.,partial,partial,partial_support,partial_support,Partial support,Partial support,Retained-evidence recoverability state; not organizational presence or absence,AI-assisted semantic audit with author confirmation of changed and low-confidence decisions,6,CL044,partial_support,partial_support,retained-documentation recoverability under author-defined rules; not organizational practice,
V25R044,PUB04,PUB04,CL044,"Microsoft's TayBot Allegedly Posts Racist, Sexist, and Anti-Semitic Content to Twitter",follow_up,Follow-up window,applicable,partial,partial,partial,partial,"['calendar_interval', 'owner']","['calendar_interval', 'owner']",[],2,2,,,,,,,,Inherited v3 legacy field retained for one-to-one audit mapping; v4 interpretation uses model-supported support and the v4 strict/minimal-core rules.,partial,partial,partial,strict rule: all field components required for present; minimal-core rule is exploratory sensitivity only,Model-supported support is not externally calibrated and no independent second human coder was used.,partial,partial,partial_support,partial_support,Partial support,Partial support,Retained-evidence recoverability state; not organizational presence or absence,AI-assisted semantic audit with author confirmation of changed and low-confidence decisions,6,CL044,partial_support,partial_support,retained-documentation recoverability under author-defined rules; not organizational practice,
V25R044,PUB04,PUB04,CL044,"Microsoft's TayBot Allegedly Posts Racist, Sexist, and Anti-Semitic Content to Twitter",closure,Closure basis,applicable,partial,partial,partial,partial,"['scope', 'evidence_basis', 'date', 'owner']","['scope', 'evidence_basis', 'date', 'owner']",[],4,4,,,,,,,,Inherited v3 legacy field retained for one-to-one audit mapping; v4 interpretation uses model-supported support and the v4 strict/minimal-core rules.,partial,partial,present,strict rule: all field components required for present; minimal-core rule is exploratory sensitivity only,Model-supported support is not externally calibrated and no independent second human coder was used.,partial,partial,partial_support,partial_support,Partial support,Partial support,Retained-evidence recoverability state; not organizational presence or absence,AI-assisted semantic audit with author confirmation of changed and low-confidence decisions,6,CL044,partial_support,partial_support,retained-documentation recoverability under author-defined rules; not organizational practice,
V25R045,PUB05,PUB05,CL045,New York City Reportedly Released Disputed Value-Added Teacher Ratings for Thousands of Teachers,exposure,Exposure opportunity framework,applicable,partial,partial,partial,partial,"['unit', 'eligibility']","['unit', 'eligibility']",[],2,2,,,,,,,,Inherited v3 legacy field retained for one-to-one audit mapping; v4 interpretation uses model-supported support and the v4 strict/minimal-core rules.,partial,partial,present,strict rule: all field components required for present; minimal-core rule is exploratory sensitivity only,Model-supported support is not externally calibrated and no independent second human coder was used.,partial,partial,partial_support,partial_support,Partial support,Partial support,Retained-evidence recoverability state; not organizational presence or absence,AI-assisted semantic audit with author confirmation of changed and low-confidence decisions,9,CL045,partial_support,partial_support,retained-documentation recoverability under author-defined rules; not organizational practice,
V25R045,PUB05,PUB05,CL045,New York City Reportedly Released Disputed Value-Added Teacher Ratings for Thousands of Teachers,follow_up,Follow-up window,applicable,absent,absent,absent,absent,[],[],[],0,0,,,,,,,,Inherited v3 legacy field retained for one-to-one audit mapping; v4 interpretation uses model-supported support and the v4 strict/minimal-core rules.,absent,absent,absent,strict rule: all field components required for present; minimal-core rule is exploratory sensitivity only,Model-supported support is not externally calibrated and no independent second human coder was used.,absent,absent,not_recovered,not_recovered,Not recovered,Not recovered,Retained-evidence recoverability state; not organizational presence or absence,AI-assisted semantic audit with author confirmation of changed and low-confidence decisions,9,CL045,not_recovered,not_recovered,retained-documentation recoverability under author-defined rules; not organizational practice,indeterminate_from_retained_bundle
V25R045,PUB05,PUB05,CL045,New York City Reportedly Released Disputed Value-Added Teacher Ratings for Thousands of Teachers,closure,Closure basis,applicable,absent,absent,absent,absent,[],[],[],0,0,,,,,,,,Inherited v3 legacy field retained for one-to-one audit mapping; v4 interpretation uses model-supported support and the v4 strict/minimal-core rules.,absent,absent,absent,strict rule: all field components required for present; minimal-core rule is exploratory sensitivity only,Model-supported support is not externally calibrated and no independent second human coder was used.,absent,absent,not_recovered,not_recovered,Not recovered,Not recovered,Retained-evidence recoverability state; not organizational presence or absence,AI-assisted semantic audit with author confirmation of changed and low-confidence decisions,9,CL045,not_recovered,not_recovered,retained-documentation recoverability under author-defined rules; not organizational practice,indeterminate_from_retained_bundle
V25R046,PUB06,PUB06,CL046,Amazon Censors Gay Books,exposure,Exposure opportunity framework,applicable,partial,partial,partial,partial,"['unit', 'eligibility']","['unit', 'eligibility']",[],2,2,,,,,,,,Inherited v3 legacy field retained for one-to-one audit mapping; v4 interpretation uses model-supported support and the v4 strict/minimal-core rules.,partial,partial,present,strict rule: all field components required for present; minimal-core rule is exploratory sensitivity only,Model-supported support is not externally calibrated and no independent second human coder was used.,partial,partial,partial_support,partial_support,Partial support,Partial support,Retained-evidence recoverability state; not organizational presence or absence,AI-assisted semantic audit with author confirmation of changed and low-confidence decisions,15,CL046,partial_support,partial_support,retained-documentation recoverability under author-defined rules; not organizational practice,
V25R046,PUB06,PUB06,CL046,Amazon Censors Gay Books,follow_up,Follow-up window,applicable,absent,absent,absent,absent,[],[],[],0,0,,,,,,,,Inherited v3 legacy field retained for one-to-one audit mapping; v4 interpretation uses model-supported support and the v4 strict/minimal-core rules.,absent,absent,absent,strict rule: all field components required for present; minimal-core rule is exploratory sensitivity only,Model-supported support is not externally calibrated and no independent second human coder was used.,absent,absent,not_recovered,not_recovered,Not recovered,Not recovered,Retained-evidence recoverability state; not organizational presence or absence,AI-assisted semantic audit with author confirmation of changed and low-confidence decisions,15,CL046,not_recovered,not_recovered,retained-documentation recoverability under author-defined rules; not organizational practice,indeterminate_from_retained_bundle
V25R046,PUB06,PUB06,CL046,Amazon Censors Gay Books,closure,Closure basis,applicable,absent,absent,absent,absent,[],[],[],0,0,,,,,,,,Inherited v3 legacy field retained for one-to-one audit mapping; v4 interpretation uses model-supported support and the v4 strict/minimal-core rules.,absent,absent,absent,strict rule: all field components required for present; minimal-core rule is exploratory sensitivity only,Model-supported support is not externally calibrated and no independent second human coder was used.,absent,absent,not_recovered,not_recovered,Not recovered,Not recovered,Retained-evidence recoverability state; not organizational presence or absence,AI-assisted semantic audit with author confirmation of changed and low-confidence decisions,15,CL046,not_recovered,not_recovered,retained-documentation recoverability under author-defined rules; not organizational practice,indeterminate_from_retained_bundle
V25R047,PUB07,PUB07,CL047,Images of Black People Labeled as Gorillas,exposure,Exposure opportunity framework,applicable,absent,absent,absent,absent,[],[],[],0,0,,,,,,,,Inherited v3 legacy field retained for one-to-one audit mapping; v4 interpretation uses model-supported support and the v4 strict/minimal-core rules.,absent,absent,absent,strict rule: all field components required for present; minimal-core rule is exploratory sensitivity only,Model-supported support is not externally calibrated and no independent second human coder was used.,absent,absent,not_recovered,not_recovered,Not recovered,Not recovered,Retained-evidence recoverability state; not organizational presence or absence,AI-assisted semantic audit with author confirmation of changed and low-confidence decisions,16,CL047,not_recovered,not_recovered,retained-documentation recoverability under author-defined rules; not organizational practice,indeterminate_from_retained_bundle
V25R047,PUB07,PUB07,CL047,Images of Black People Labeled as Gorillas,follow_up,Follow-up window,applicable,partial,partial,partial,partial,"['calendar_interval', 'exposure_qualified_observation', 'owner']","['calendar_interval', 'exposure_qualified_observation', 'owner']",[],3,3,,,,,,,,Inherited v3 legacy field retained for one-to-one audit mapping; v4 interpretation uses model-supported support and the v4 strict/minimal-core rules.,partial,partial,present,strict rule: all field components required for present; minimal-core rule is exploratory sensitivity only,Model-supported support is not externally calibrated and no independent second human coder was used.,partial,partial,partial_support,partial_support,Partial support,Partial support,Retained-evidence recoverability state; not organizational presence or absence,AI-assisted semantic audit with author confirmation of changed and low-confidence decisions,16,CL047,partial_support,partial_support,retained-documentation recoverability under author-defined rules; not organizational practice,
V25R047,PUB07,PUB07,CL047,Images of Black People Labeled as Gorillas,closure,Closure basis,applicable,partial,partial,partial,partial,"['scope', 'evidence_basis', 'owner', 'uncertainty']","['scope', 'evidence_basis', 'owner', 'uncertainty']",[],4,4,,,,,,,,Inherited v3 legacy field retained for one-to-one audit mapping; v4 interpretation uses model-supported support and the v4 strict/minimal-core rules.,partial,partial,present,strict rule: all field components required for present; minimal-core rule is exploratory sensitivity only,Model-supported support is not externally calibrated and no independent second human coder was used.,partial,partial,partial_support,partial_support,Partial support,Partial support,Retained-evidence recoverability state; not organizational presence or absence,AI-assisted semantic audit with author confirmation of changed and low-confidence decisions,16,CL047,partial_support,partial_support,retained-documentation recoverability under author-defined rules; not organizational practice,
V25R048,PUB08,PUB08,CL048,A Collection of Tesla Autopilot-Involved Crashes,exposure,Exposure opportunity framework,applicable,partial,partial,partial,partial,"['unit', 'eligibility', 'coverage']","['unit', 'eligibility', 'coverage']",[],3,3,,,,,,,,Inherited v3 legacy field retained for one-to-one audit mapping; v4 interpretation uses model-supported support and the v4 strict/minimal-core rules.,partial,partial,present,strict rule: all field components required for present; minimal-core rule is exploratory sensitivity only,Model-supported support is not externally calibrated and no independent second human coder was used.,partial,partial,partial_support,partial_support,Partial support,Partial support,Retained-evidence recoverability state; not organizational presence or absence,AI-assisted semantic audit with author confirmation of changed and low-confidence decisions,20,CL048,partial_support,partial_support,retained-documentation recoverability under author-defined rules; not organizational practice,
V25R048,PUB08,PUB08,CL048,A Collection of Tesla Autopilot-Involved Crashes,follow_up,Follow-up window,applicable,partial,absent,partial,absent,[],"['calendar_interval', 'exposure_qualified_observation']","['calendar_interval', 'exposure_qualified_observation']",0,2,,,,,,,,Inherited v3 legacy field retained for one-to-one audit mapping; v4 interpretation uses model-supported support and the v4 strict/minimal-core rules.,absent,partial,absent,strict rule: all field components required for present; minimal-core rule is exploratory sensitivity only,Model-supported support is not externally calibrated and no independent second human coder was used.,absent,partial,not_recovered,partial_support,Not recovered,Partial support,Retained-evidence recoverability state; not organizational presence or absence,AI-assisted semantic audit with author confirmation of changed and low-confidence decisions,20,CL048,not_recovered,partial_support,retained-documentation recoverability under author-defined rules; not organizational practice,indeterminate_from_retained_bundle
V25R048,PUB08,PUB08,CL048,A Collection of Tesla Autopilot-Involved Crashes,closure,Closure basis,applicable,absent,absent,absent,absent,[],[],[],0,0,,,,,,,,Inherited v3 legacy field retained for one-to-one audit mapping; v4 interpretation uses model-supported support and the v4 strict/minimal-core rules.,absent,absent,absent,strict rule: all field components required for present; minimal-core rule is exploratory sensitivity only,Model-supported support is not externally calibrated and no independent second human coder was used.,absent,absent,not_recovered,not_recovered,Not recovered,Not recovered,Retained-evidence recoverability state; not organizational presence or absence,AI-assisted semantic audit with author confirmation of changed and low-confidence decisions,20,CL048,not_recovered,not_recovered,retained-documentation recoverability under author-defined rules; not organizational practice,indeterminate_from_retained_bundle
V25R049,PUB09,PUB09,CL049,Robot kills worker at German Volkswagen plant,exposure,Exposure opportunity framework,applicable,absent,absent,absent,absent,[],[],[],0,0,,,,,,,,Inherited v3 legacy field retained for one-to-one audit mapping; v4 interpretation uses model-supported support and the v4 strict/minimal-core rules.,absent,absent,absent,strict rule: all field components required for present; minimal-core rule is exploratory sensitivity only,Model-supported support is not externally calibrated and no independent second human coder was used.,absent,absent,not_recovered,not_recovered,Not recovered,Not recovered,Retained-evidence recoverability state; not organizational presence or absence,AI-assisted semantic audit with author confirmation of changed and low-confidence decisions,24,CL049,not_recovered,not_recovered,retained-documentation recoverability under author-defined rules; not organizational practice,indeterminate_from_retained_bundle
V25R049,PUB09,PUB09,CL049,Robot kills worker at German Volkswagen plant,follow_up,Follow-up window,applicable,partial,partial,partial,partial,"['calendar_interval', 'owner']","['calendar_interval', 'owner']",[],2,2,,,,,,,,Inherited v3 legacy field retained for one-to-one audit mapping; v4 interpretation uses model-supported support and the v4 strict/minimal-core rules.,partial,partial,partial,strict rule: all field components required for present; minimal-core rule is exploratory sensitivity only,Model-supported support is not externally calibrated and no independent second human coder was used.,partial,partial,partial_support,partial_support,Partial support,Partial support,Retained-evidence recoverability state; not organizational presence or absence,AI-assisted semantic audit with author confirmation of changed and low-confidence decisions,24,CL049,partial_support,partial_support,retained-documentation recoverability under author-defined rules; not organizational practice,
V25R049,PUB09,PUB09,CL049,Robot kills worker at German Volkswagen plant,closure,Closure basis,applicable,absent,absent,absent,absent,[],[],[],0,0,,,,,,,,Inherited v3 legacy field retained for one-to-one audit mapping; v4 interpretation uses model-supported support and the v4 strict/minimal-core rules.,absent,absent,absent,strict rule: all field components required for present; minimal-core rule is exploratory sensitivity only,Model-supported support is not externally calibrated and no independent second human coder was used.,absent,absent,not_recovered,not_recovered,Not recovered,Not recovered,Retained-evidence recoverability state; not organizational presence or absence,AI-assisted semantic audit with author confirmation of changed and low-confidence decisions,24,CL049,not_recovered,not_recovered,retained-documentation recoverability under author-defined rules; not organizational practice,indeterminate_from_retained_bundle
V25R050,PUB10,PUB10,CL050,Detroit Police Wrongfully Arrested Black Man Due To Faulty FRT,exposure,Exposure opportunity framework,applicable,absent,absent,absent,absent,[],[],[],0,0,,,,,,,,Inherited v3 legacy field retained for one-to-one audit mapping; v4 interpretation uses model-supported support and the v4 strict/minimal-core rules.,absent,absent,absent,strict rule: all field components required for present; minimal-core rule is exploratory sensitivity only,Model-supported support is not externally calibrated and no independent second human coder was used.,absent,absent,not_recovered,not_recovered,Not recovered,Not recovered,Retained-evidence recoverability state; not organizational presence or absence,AI-assisted semantic audit with author confirmation of changed and low-confidence decisions,74,CL050,not_recovered,not_recovered,retained-documentation recoverability under author-defined rules; not organizational practice,indeterminate_from_retained_bundle
V25R050,PUB10,PUB10,CL050,Detroit Police Wrongfully Arrested Black Man Due To Faulty FRT,follow_up,Follow-up window,applicable,partial,partial,partial,partial,"['calendar_interval', 'exposure_qualified_observation', 'owner']","['calendar_interval', 'exposure_qualified_observation', 'owner']",[],3,3,,,,,,,,Inherited v3 legacy field retained for one-to-one audit mapping; v4 interpretation uses model-supported support and the v4 strict/minimal-core rules.,partial,partial,present,strict rule: all field components required for present; minimal-core rule is exploratory sensitivity only,Model-supported support is not externally calibrated and no independent second human coder was used.,partial,partial,partial_support,partial_support,Partial support,Partial support,Retained-evidence recoverability state; not organizational presence or absence,AI-assisted semantic audit with author confirmation of changed and low-confidence decisions,74,CL050,partial_support,partial_support,retained-documentation recoverability under author-defined rules; not organizational practice,
V25R050,PUB10,PUB10,CL050,Detroit Police Wrongfully Arrested Black Man Due To Faulty FRT,closure,Closure basis,applicable,absent,absent,absent,absent,[],[],[],0,0,,,,,,,,Inherited v3 legacy field retained for one-to-one audit mapping; v4 interpretation uses model-supported support and the v4 strict/minimal-core rules.,absent,absent,absent,strict rule: all field components required for present; minimal-core rule is exploratory sensitivity only,Model-supported support is not externally calibrated and no independent second human coder was used.,absent,absent,not_recovered,not_recovered,Not recovered,Not recovered,Retained-evidence recoverability state; not organizational presence or absence,AI-assisted semantic audit with author confirmation of changed and low-confidence decisions,74,CL050,not_recovered,not_recovered,retained-documentation recoverability under author-defined rules; not organizational practice,indeterminate_from_retained_bundle
V25R051,OECD01,OECD01,CL051,"San Francisco Robotaxi Backlash: AI Vehicles Face Public Protest, Vandalism, and Safety Concerns - OECD.AI",exposure,Exposure opportunity framework,applicable,absent,absent,absent,absent,[],[],[],0,0,,,,,,,,Inherited v3 legacy field retained for one-to-one audit mapping; v4 interpretation uses model-supported support and the v4 strict/minimal-core rules.,absent,absent,absent,strict rule: all field components required for present; minimal-core rule is exploratory sensitivity only,Model-supported support is not externally calibrated and no independent second human coder was used.,absent,absent,not_recovered,not_recovered,Not recovered,Not recovered,Retained-evidence recoverability state; not organizational presence or absence,AI-assisted semantic audit with author confirmation of changed and low-confidence decisions,OECD01,CL051,not_recovered,not_recovered,retained-documentation recoverability under author-defined rules; not organizational practice,indeterminate_from_retained_bundle
V25R051,OECD01,OECD01,CL051,"San Francisco Robotaxi Backlash: AI Vehicles Face Public Protest, Vandalism, and Safety Concerns - OECD.AI",follow_up,Follow-up window,applicable,absent,absent,absent,absent,[],[],[],0,0,,,,,,,,Inherited v3 legacy field retained for one-to-one audit mapping; v4 interpretation uses model-supported support and the v4 strict/minimal-core rules.,absent,absent,absent,strict rule: all field components required for present; minimal-core rule is exploratory sensitivity only,Model-supported support is not externally calibrated and no independent second human coder was used.,absent,absent,not_recovered,not_recovered,Not recovered,Not recovered,Retained-evidence recoverability state; not organizational presence or absence,AI-assisted semantic audit with author confirmation of changed and low-confidence decisions,OECD01,CL051,not_recovered,not_recovered,retained-documentation recoverability under author-defined rules; not organizational practice,indeterminate_from_retained_bundle
V25R051,OECD01,OECD01,CL051,"San Francisco Robotaxi Backlash: AI Vehicles Face Public Protest, Vandalism, and Safety Concerns - OECD.AI",closure,Closure basis,applicable,absent,absent,absent,absent,[],[],[],0,0,,,,,,,,Inherited v3 legacy field retained for one-to-one audit mapping; v4 interpretation uses model-supported support and the v4 strict/minimal-core rules.,absent,absent,absent,strict rule: all field components required for present; minimal-core rule is exploratory sensitivity only,Model-supported support is not externally calibrated and no independent second human coder was used.,absent,absent,not_recovered,not_recovered,Not recovered,Not recovered,Retained-evidence recoverability state; not organizational presence or absence,AI-assisted semantic audit with author confirmation of changed and low-confidence decisions,OECD01,CL051,not_recovered,not_recovered,retained-documentation recoverability under author-defined rules; not organizational practice,indeterminate_from_retained_bundle
V25R052,OECD02,OECD02,CL052,WHO Warns of AI Risks in Healthcare Amid Regulatory Gaps in Europe - OECD.AI,exposure,Exposure opportunity framework,unclear,unclear,unclear,unclear,unclear,[],[],[],0,0,,,,,,,,Inherited v3 legacy field retained for one-to-one audit mapping; v4 interpretation uses model-supported support and the v4 strict/minimal-core rules.,unclear,unclear,unclear,strict rule: all field components required for present; minimal-core rule is exploratory sensitivity only,Model-supported support is not externally calibrated and no independent second human coder was used.,unclear,unclear,unclear,unclear,Unclear,Unclear,Retained-evidence recoverability state; not organizational presence or absence,AI-assisted semantic audit with author confirmation of changed and low-confidence decisions,OECD02,CL052,unclear,unclear,retained-documentation recoverability under author-defined rules; not organizational practice,
V25R052,OECD02,OECD02,CL052,WHO Warns of AI Risks in Healthcare Amid Regulatory Gaps in Europe - OECD.AI,follow_up,Follow-up window,unclear,unclear,unclear,unclear,unclear,[],[],[],0,0,,,,,,,,Inherited v3 legacy field retained for one-to-one audit mapping; v4 interpretation uses model-supported support and the v4 strict/minimal-core rules.,unclear,unclear,unclear,strict rule: all field components required for present; minimal-core rule is exploratory sensitivity only,Model-supported support is not externally calibrated and no independent second human coder was used.,unclear,unclear,unclear,unclear,Unclear,Unclear,Retained-evidence recoverability state; not organizational presence or absence,AI-assisted semantic audit with author confirmation of changed and low-confidence decisions,OECD02,CL052,unclear,unclear,retained-documentation recoverability under author-defined rules; not organizational practice,
V25R052,OECD02,OECD02,CL052,WHO Warns of AI Risks in Healthcare Amid Regulatory Gaps in Europe - OECD.AI,closure,Closure basis,unclear,unclear,unclear,unclear,unclear,[],[],[],0,0,,,,,,,,Inherited v3 legacy field retained for one-to-one audit mapping; v4 interpretation uses model-supported support and the v4 strict/minimal-core rules.,unclear,unclear,unclear,strict rule: all field components required for present; minimal-core rule is exploratory sensitivity only,Model-supported support is not externally calibrated and no independent second human coder was used.,unclear,unclear,unclear,unclear,Unclear,Unclear,Retained-evidence recoverability state; not organizational presence or absence,AI-assisted semantic audit with author confirmation of changed and low-confidence decisions,OECD02,CL052,unclear,unclear,retained-documentation recoverability under author-defined rules; not organizational practice,
V25R053,OECD03,OECD03,CL053,Waymo Autonomous Taxi Disrupts London Crime Scene During Testing - OECD.AI,exposure,Exposure opportunity framework,applicable,absent,absent,absent,absent,[],[],[],0,0,,,,,,,,Inherited v3 legacy field retained for one-to-one audit mapping; v4 interpretation uses model-supported support and the v4 strict/minimal-core rules.,absent,absent,absent,strict rule: all field components required for present; minimal-core rule is exploratory sensitivity only,Model-supported support is not externally calibrated and no independent second human coder was used.,absent,absent,not_recovered,not_recovered,Not recovered,Not recovered,Retained-evidence recoverability state; not organizational presence or absence,AI-assisted semantic audit with author confirmation of changed and low-confidence decisions,OECD03,CL053,not_recovered,not_recovered,retained-documentation recoverability under author-defined rules; not organizational practice,indeterminate_from_retained_bundle
V25R053,OECD03,OECD03,CL053,Waymo Autonomous Taxi Disrupts London Crime Scene During Testing - OECD.AI,follow_up,Follow-up window,applicable,absent,absent,absent,absent,[],[],[],0,0,,,,,,,,Inherited v3 legacy field retained for one-to-one audit mapping; v4 interpretation uses model-supported support and the v4 strict/minimal-core rules.,absent,absent,absent,strict rule: all field components required for present; minimal-core rule is exploratory sensitivity only,Model-supported support is not externally calibrated and no independent second human coder was used.,absent,absent,not_recovered,not_recovered,Not recovered,Not recovered,Retained-evidence recoverability state; not organizational presence or absence,AI-assisted semantic audit with author confirmation of changed and low-confidence decisions,OECD03,CL053,not_recovered,not_recovered,retained-documentation recoverability under author-defined rules; not organizational practice,indeterminate_from_retained_bundle
V25R053,OECD03,OECD03,CL053,Waymo Autonomous Taxi Disrupts London Crime Scene During Testing - OECD.AI,closure,Closure basis,applicable,absent,absent,absent,absent,[],[],[],0,0,,,,,,,,Inherited v3 legacy field retained for one-to-one audit mapping; v4 interpretation uses model-supported support and the v4 strict/minimal-core rules.,absent,absent,absent,strict rule: all field components required for present; minimal-core rule is exploratory sensitivity only,Model-supported support is not externally calibrated and no independent second human coder was used.,absent,absent,not_recovered,not_recovered,Not recovered,Not recovered,Retained-evidence recoverability state; not organizational presence or absence,AI-assisted semantic audit with author confirmation of changed and low-confidence decisions,OECD03,CL053,not_recovered,not_recovered,retained-documentation recoverability under author-defined rules; not organizational practice,indeterminate_from_retained_bundle
V25R054,OECD04,OECD04,CL054,AI Genetic Risk Prediction Raises Privacy and Healthcare Access Concerns - OECD.AI,exposure,Exposure opportunity framework,applicable,absent,absent,absent,absent,[],[],[],0,0,,,,,,,,Inherited v3 legacy field retained for one-to-one audit mapping; v4 interpretation uses model-supported support and the v4 strict/minimal-core rules.,absent,absent,absent,strict rule: all field components required for present; minimal-core rule is exploratory sensitivity only,Model-supported support is not externally calibrated and no independent second human coder was used.,absent,absent,not_recovered,not_recovered,Not recovered,Not recovered,Retained-evidence recoverability state; not organizational presence or absence,AI-assisted semantic audit with author confirmation of changed and low-confidence decisions,OECD04,CL054,not_recovered,not_recovered,retained-documentation recoverability under author-defined rules; not organizational practice,indeterminate_from_retained_bundle
V25R054,OECD04,OECD04,CL054,AI Genetic Risk Prediction Raises Privacy and Healthcare Access Concerns - OECD.AI,follow_up,Follow-up window,applicable,absent,absent,absent,absent,[],[],[],0,0,,,,,,,,Inherited v3 legacy field retained for one-to-one audit mapping; v4 interpretation uses model-supported support and the v4 strict/minimal-core rules.,absent,absent,absent,strict rule: all field components required for present; minimal-core rule is exploratory sensitivity only,Model-supported support is not externally calibrated and no independent second human coder was used.,absent,absent,not_recovered,not_recovered,Not recovered,Not recovered,Retained-evidence recoverability state; not organizational presence or absence,AI-assisted semantic audit with author confirmation of changed and low-confidence decisions,OECD04,CL054,not_recovered,not_recovered,retained-documentation recoverability under author-defined rules; not organizational practice,indeterminate_from_retained_bundle
V25R054,OECD04,OECD04,CL054,AI Genetic Risk Prediction Raises Privacy and Healthcare Access Concerns - OECD.AI,closure,Closure basis,applicable,absent,absent,absent,absent,[],[],[],0,0,,,,,,,,Inherited v3 legacy field retained for one-to-one audit mapping; v4 interpretation uses model-supported support and the v4 strict/minimal-core rules.,absent,absent,absent,strict rule: all field components required for present; minimal-core rule is exploratory sensitivity only,Model-supported support is not externally calibrated and no independent second human coder was used.,absent,absent,not_recovered,not_recovered,Not recovered,Not recovered,Retained-evidence recoverability state; not organizational presence or absence,AI-assisted semantic audit with author confirmation of changed and low-confidence decisions,OECD04,CL054,not_recovered,not_recovered,retained-documentation recoverability under author-defined rules; not organizational practice,indeterminate_from_retained_bundle
V25R055,OECD05,OECD05,CL055,Retailers Secretly Use Facial Recognition AI to Track Shoppers Without Consent - OECD.AI,exposure,Exposure opportunity framework,applicable,absent,absent,absent,absent,[],[],[],0,0,,,,,,,,Inherited v3 legacy field retained for one-to-one audit mapping; v4 interpretation uses model-supported support and the v4 strict/minimal-core rules.,absent,absent,absent,strict rule: all field components required for present; minimal-core rule is exploratory sensitivity only,Model-supported support is not externally calibrated and no independent second human coder was used.,absent,absent,not_recovered,not_recovered,Not recovered,Not recovered,Retained-evidence recoverability state; not organizational presence or absence,AI-assisted semantic audit with author confirmation of changed and low-confidence decisions,OECD05,CL055,not_recovered,not_recovered,retained-documentation recoverability under author-defined rules; not organizational practice,indeterminate_from_retained_bundle
V25R055,OECD05,OECD05,CL055,Retailers Secretly Use Facial Recognition AI to Track Shoppers Without Consent - OECD.AI,follow_up,Follow-up window,applicable,absent,absent,absent,absent,[],[],[],0,0,,,,,,,,Inherited v3 legacy field retained for one-to-one audit mapping; v4 interpretation uses model-supported support and the v4 strict/minimal-core rules.,absent,absent,absent,strict rule: all field components required for present; minimal-core rule is exploratory sensitivity only,Model-supported support is not externally calibrated and no independent second human coder was used.,absent,absent,not_recovered,not_recovered,Not recovered,Not recovered,Retained-evidence recoverability state; not organizational presence or absence,AI-assisted semantic audit with author confirmation of changed and low-confidence decisions,OECD05,CL055,not_recovered,not_recovered,retained-documentation recoverability under author-defined rules; not organizational practice,indeterminate_from_retained_bundle
V25R055,OECD05,OECD05,CL055,Retailers Secretly Use Facial Recognition AI to Track Shoppers Without Consent - OECD.AI,closure,Closure basis,applicable,absent,absent,absent,absent,[],[],[],0,0,,,,,,,,Inherited v3 legacy field retained for one-to-one audit mapping; v4 interpretation uses model-supported support and the v4 strict/minimal-core rules.,absent,absent,absent,strict rule: all field components required for present; minimal-core rule is exploratory sensitivity only,Model-supported support is not externally calibrated and no independent second human coder was used.,absent,absent,not_recovered,not_recovered,Not recovered,Not recovered,Retained-evidence recoverability state; not organizational presence or absence,AI-assisted semantic audit with author confirmation of changed and low-confidence decisions,OECD05,CL055,not_recovered,not_recovered,retained-documentation recoverability under author-defined rules; not organizational practice,indeterminate_from_retained_bundle
V25R056,OECD06,OECD06,CL056,Automakers Advance 'Eyes-Off' AI Driving Amid Safety and Liability Concerns - OECD.AI,exposure,Exposure opportunity framework,unclear,unclear,unclear,unclear,unclear,[],[],[],0,0,,,,,,,,Inherited v3 legacy field retained for one-to-one audit mapping; v4 interpretation uses model-supported support and the v4 strict/minimal-core rules.,unclear,unclear,unclear,strict rule: all field components required for present; minimal-core rule is exploratory sensitivity only,Model-supported support is not externally calibrated and no independent second human coder was used.,unclear,unclear,unclear,unclear,Unclear,Unclear,Retained-evidence recoverability state; not organizational presence or absence,AI-assisted semantic audit with author confirmation of changed and low-confidence decisions,OECD06,CL056,unclear,unclear,retained-documentation recoverability under author-defined rules; not organizational practice,
V25R056,OECD06,OECD06,CL056,Automakers Advance 'Eyes-Off' AI Driving Amid Safety and Liability Concerns - OECD.AI,follow_up,Follow-up window,unclear,unclear,unclear,unclear,unclear,[],[],[],0,0,,,,,,,,Inherited v3 legacy field retained for one-to-one audit mapping; v4 interpretation uses model-supported support and the v4 strict/minimal-core rules.,unclear,unclear,unclear,strict rule: all field components required for present; minimal-core rule is exploratory sensitivity only,Model-supported support is not externally calibrated and no independent second human coder was used.,unclear,unclear,unclear,unclear,Unclear,Unclear,Retained-evidence recoverability state; not organizational presence or absence,AI-assisted semantic audit with author confirmation of changed and low-confidence decisions,OECD06,CL056,unclear,unclear,retained-documentation recoverability under author-defined rules; not organizational practice,
V25R056,OECD06,OECD06,CL056,Automakers Advance 'Eyes-Off' AI Driving Amid Safety and Liability Concerns - OECD.AI,closure,Closure basis,unclear,unclear,unclear,unclear,unclear,[],[],[],0,0,,,,,,,,Inherited v3 legacy field retained for one-to-one audit mapping; v4 interpretation uses model-supported support and the v4 strict/minimal-core rules.,unclear,unclear,unclear,strict rule: all field components required for present; minimal-core rule is exploratory sensitivity only,Model-supported support is not externally calibrated and no independent second human coder was used.,unclear,unclear,unclear,unclear,Unclear,Unclear,Retained-evidence recoverability state; not organizational presence or absence,AI-assisted semantic audit with author confirmation of changed and low-confidence decisions,OECD06,CL056,unclear,unclear,retained-documentation recoverability under author-defined rules; not organizational practice,
V25R057,OECD07,OECD07,CL057,Study Reveals AI Bias in Healthcare Treatment Recommendations - OECD.AI,exposure,Exposure opportunity framework,applicable,absent,absent,absent,absent,[],[],[],0,0,,,,,,,,Inherited v3 legacy field retained for one-to-one audit mapping; v4 interpretation uses model-supported support and the v4 strict/minimal-core rules.,absent,absent,absent,strict rule: all field components required for present; minimal-core rule is exploratory sensitivity only,Model-supported support is not externally calibrated and no independent second human coder was used.,absent,absent,not_recovered,not_recovered,Not recovered,Not recovered,Retained-evidence recoverability state; not organizational presence or absence,AI-assisted semantic audit with author confirmation of changed and low-confidence decisions,OECD07,CL057,not_recovered,not_recovered,retained-documentation recoverability under author-defined rules; not organizational practice,indeterminate_from_retained_bundle
V25R057,OECD07,OECD07,CL057,Study Reveals AI Bias in Healthcare Treatment Recommendations - OECD.AI,follow_up,Follow-up window,applicable,absent,absent,absent,absent,[],[],[],0,0,,,,,,,,Inherited v3 legacy field retained for one-to-one audit mapping; v4 interpretation uses model-supported support and the v4 strict/minimal-core rules.,absent,absent,absent,strict rule: all field components required for present; minimal-core rule is exploratory sensitivity only,Model-supported support is not externally calibrated and no independent second human coder was used.,absent,absent,not_recovered,not_recovered,Not recovered,Not recovered,Retained-evidence recoverability state; not organizational presence or absence,AI-assisted semantic audit with author confirmation of changed and low-confidence decisions,OECD07,CL057,not_recovered,not_recovered,retained-documentation recoverability under author-defined rules; not organizational practice,indeterminate_from_retained_bundle
V25R057,OECD07,OECD07,CL057,Study Reveals AI Bias in Healthcare Treatment Recommendations - OECD.AI,closure,Closure basis,applicable,absent,absent,absent,absent,[],[],[],0,0,,,,,,,,Inherited v3 legacy field retained for one-to-one audit mapping; v4 interpretation uses model-supported support and the v4 strict/minimal-core rules.,absent,absent,absent,strict rule: all field components required for present; minimal-core rule is exploratory sensitivity only,Model-supported support is not externally calibrated and no independent second human coder was used.,absent,absent,not_recovered,not_recovered,Not recovered,Not recovered,Retained-evidence recoverability state; not organizational presence or absence,AI-assisted semantic audit with author confirmation of changed and low-confidence decisions,OECD07,CL057,not_recovered,not_recovered,retained-documentation recoverability under author-defined rules; not organizational practice,indeterminate_from_retained_bundle
V25R058,OECD08,OECD08,CL058,ICE Deploys AI-Powered Facial Recognition App for Field Identification - OECD.AI,exposure,Exposure opportunity framework,applicable,absent,absent,absent,absent,[],[],[],0,0,,,,,,,,Inherited v3 legacy field retained for one-to-one audit mapping; v4 interpretation uses model-supported support and the v4 strict/minimal-core rules.,absent,absent,absent,strict rule: all field components required for present; minimal-core rule is exploratory sensitivity only,Model-supported support is not externally calibrated and no independent second human coder was used.,absent,absent,not_recovered,not_recovered,Not recovered,Not recovered,Retained-evidence recoverability state; not organizational presence or absence,AI-assisted semantic audit with author confirmation of changed and low-confidence decisions,OECD08,CL058,not_recovered,not_recovered,retained-documentation recoverability under author-defined rules; not organizational practice,indeterminate_from_retained_bundle
V25R058,OECD08,OECD08,CL058,ICE Deploys AI-Powered Facial Recognition App for Field Identification - OECD.AI,follow_up,Follow-up window,applicable,absent,absent,absent,absent,[],[],[],0,0,,,,,,,,Inherited v3 legacy field retained for one-to-one audit mapping; v4 interpretation uses model-supported support and the v4 strict/minimal-core rules.,absent,absent,absent,strict rule: all field components required for present; minimal-core rule is exploratory sensitivity only,Model-supported support is not externally calibrated and no independent second human coder was used.,absent,absent,not_recovered,not_recovered,Not recovered,Not recovered,Retained-evidence recoverability state; not organizational presence or absence,AI-assisted semantic audit with author confirmation of changed and low-confidence decisions,OECD08,CL058,not_recovered,not_recovered,retained-documentation recoverability under author-defined rules; not organizational practice,indeterminate_from_retained_bundle
V25R058,OECD08,OECD08,CL058,ICE Deploys AI-Powered Facial Recognition App for Field Identification - OECD.AI,closure,Closure basis,applicable,absent,absent,absent,absent,[],[],[],0,0,,,,,,,,Inherited v3 legacy field retained for one-to-one audit mapping; v4 interpretation uses model-supported support and the v4 strict/minimal-core rules.,absent,absent,absent,strict rule: all field components required for present; minimal-core rule is exploratory sensitivity only,Model-supported support is not externally calibrated and no independent second human coder was used.,absent,absent,not_recovered,not_recovered,Not recovered,Not recovered,Retained-evidence recoverability state; not organizational presence or absence,AI-assisted semantic audit with author confirmation of changed and low-confidence decisions,OECD08,CL058,not_recovered,not_recovered,retained-documentation recoverability under author-defined rules; not organizational practice,indeterminate_from_retained_bundle
V25R059,OECD09,OECD09,CL059,Scientists Warn AI in Healthcare May Worsen Ethnic Minority Inequalities - OECD.AI,exposure,Exposure opportunity framework,unclear,unclear,unclear,unclear,unclear,[],[],[],0,0,,,,,,,,Inherited v3 legacy field retained for one-to-one audit mapping; v4 interpretation uses model-supported support and the v4 strict/minimal-core rules.,unclear,unclear,unclear,strict rule: all field components required for present; minimal-core rule is exploratory sensitivity only,Model-supported support is not externally calibrated and no independent second human coder was used.,unclear,unclear,unclear,unclear,Unclear,Unclear,Retained-evidence recoverability state; not organizational presence or absence,AI-assisted semantic audit with author confirmation of changed and low-confidence decisions,OECD09,CL059,unclear,unclear,retained-documentation recoverability under author-defined rules; not organizational practice,
V25R059,OECD09,OECD09,CL059,Scientists Warn AI in Healthcare May Worsen Ethnic Minority Inequalities - OECD.AI,follow_up,Follow-up window,unclear,unclear,unclear,unclear,unclear,[],[],[],0,0,,,,,,,,Inherited v3 legacy field retained for one-to-one audit mapping; v4 interpretation uses model-supported support and the v4 strict/minimal-core rules.,unclear,unclear,unclear,strict rule: all field components required for present; minimal-core rule is exploratory sensitivity only,Model-supported support is not externally calibrated and no independent second human coder was used.,unclear,unclear,unclear,unclear,Unclear,Unclear,Retained-evidence recoverability state; not organizational presence or absence,AI-assisted semantic audit with author confirmation of changed and low-confidence decisions,OECD09,CL059,unclear,unclear,retained-documentation recoverability under author-defined rules; not organizational practice,
V25R059,OECD09,OECD09,CL059,Scientists Warn AI in Healthcare May Worsen Ethnic Minority Inequalities - OECD.AI,closure,Closure basis,unclear,unclear,unclear,unclear,unclear,[],[],[],0,0,,,,,,,,Inherited v3 legacy field retained for one-to-one audit mapping; v4 interpretation uses model-supported support and the v4 strict/minimal-core rules.,unclear,unclear,unclear,strict rule: all field components required for present; minimal-core rule is exploratory sensitivity only,Model-supported support is not externally calibrated and no independent second human coder was used.,unclear,unclear,unclear,unclear,Unclear,Unclear,Retained-evidence recoverability state; not organizational presence or absence,AI-assisted semantic audit with author confirmation of changed and low-confidence decisions,OECD09,CL059,unclear,unclear,retained-documentation recoverability under author-defined rules; not organizational practice,
V25R060,OECD10,OECD10,CL060,AI-Generated Medical Information Risks Inaccuracy in Patient Care - OECD.AI,exposure,Exposure opportunity framework,applicable,absent,absent,absent,absent,[],[],[],0,0,,,,,,,,Inherited v3 legacy field retained for one-to-one audit mapping; v4 interpretation uses model-supported support and the v4 strict/minimal-core rules.,absent,absent,absent,strict rule: all field components required for present; minimal-core rule is exploratory sensitivity only,Model-supported support is not externally calibrated and no independent second human coder was used.,absent,absent,not_recovered,not_recovered,Not recovered,Not recovered,Retained-evidence recoverability state; not organizational presence or absence,AI-assisted semantic audit with author confirmation of changed and low-confidence decisions,OECD10,CL060,not_recovered,not_recovered,retained-documentation recoverability under author-defined rules; not organizational practice,indeterminate_from_retained_bundle
V25R060,OECD10,OECD10,CL060,AI-Generated Medical Information Risks Inaccuracy in Patient Care - OECD.AI,follow_up,Follow-up window,applicable,absent,absent,absent,absent,[],[],[],0,0,,,,,,,,Inherited v3 legacy field retained for one-to-one audit mapping; v4 interpretation uses model-supported support and the v4 strict/minimal-core rules.,absent,absent,absent,strict rule: all field components required for present; minimal-core rule is exploratory sensitivity only,Model-supported support is not externally calibrated and no independent second human coder was used.,absent,absent,not_recovered,not_recovered,Not recovered,Not recovered,Retained-evidence recoverability state; not organizational presence or absence,AI-assisted semantic audit with author confirmation of changed and low-confidence decisions,OECD10,CL060,not_recovered,not_recovered,retained-documentation recoverability under author-defined rules; not organizational practice,indeterminate_from_retained_bundle
V25R060,OECD10,OECD10,CL060,AI-Generated Medical Information Risks Inaccuracy in Patient Care - OECD.AI,closure,Closure basis,applicable,absent,absent,absent,absent,[],[],[],0,0,,,,,,,,Inherited v3 legacy field retained for one-to-one audit mapping; v4 interpretation uses model-supported support and the v4 strict/minimal-core rules.,absent,absent,absent,strict rule: all field components required for present; minimal-core rule is exploratory sensitivity only,Model-supported support is not externally calibrated and no independent second human coder was used.,absent,absent,not_recovered,not_recovered,Not recovered,Not recovered,Retained-evidence recoverability state; not organizational presence or absence,AI-assisted semantic audit with author confirmation of changed and low-confidence decisions,OECD10,CL060,not_recovered,not_recovered,retained-documentation recoverability under author-defined rules; not organizational practice,indeterminate_from_retained_bundle
V25R061,AIID001,AIID001,CL041,Google’s YouTube Kids App Presents Inappropriate Content,exposure,Exposure opportunity framework,applicable,partial,partial,partial,partial,['unit'],['unit'],[],1,1,,,,,,,,Inherited v3 legacy field retained for one-to-one audit mapping; v4 interpretation uses model-supported support and the v4 strict/minimal-core rules.,partial,partial,partial,strict rule: all field components required for present; minimal-core rule is exploratory sensitivity only,Model-supported support is not externally calibrated and no independent second human coder was used.,partial,partial,partial_support,partial_support,Partial support,Partial support,Retained-evidence recoverability state; not organizational presence or absence,AI-assisted semantic audit with author confirmation of changed and low-confidence decisions,1,CL041,partial_support,partial_support,retained-documentation recoverability under author-defined rules; not organizational practice,
V25R061,AIID001,AIID001,CL041,Google’s YouTube Kids App Presents Inappropriate Content,follow_up,Follow-up window,applicable,partial,partial,partial,partial,"['calendar_interval', 'owner']","['calendar_interval', 'owner']",[],2,2,,,,,,,,Inherited v3 legacy field retained for one-to-one audit mapping; v4 interpretation uses model-supported support and the v4 strict/minimal-core rules.,partial,partial,partial,strict rule: all field components required for present; minimal-core rule is exploratory sensitivity only,Model-supported support is not externally calibrated and no independent second human coder was used.,partial,partial,partial_support,partial_support,Partial support,Partial support,Retained-evidence recoverability state; not organizational presence or absence,AI-assisted semantic audit with author confirmation of changed and low-confidence decisions,1,CL041,partial_support,partial_support,retained-documentation recoverability under author-defined rules; not organizational practice,
V25R061,AIID001,AIID001,CL041,Google’s YouTube Kids App Presents Inappropriate Content,closure,Closure basis,applicable,absent,absent,absent,absent,[],[],[],0,0,,,,,,,,Inherited v3 legacy field retained for one-to-one audit mapping; v4 interpretation uses model-supported support and the v4 strict/minimal-core rules.,absent,absent,absent,strict rule: all field components required for present; minimal-core rule is exploratory sensitivity only,Model-supported support is not externally calibrated and no independent second human coder was used.,absent,absent,not_recovered,not_recovered,Not recovered,Not recovered,Retained-evidence recoverability state; not organizational presence or absence,AI-assisted semantic audit with author confirmation of changed and low-confidence decisions,1,CL041,not_recovered,not_recovered,retained-documentation recoverability under author-defined rules; not organizational practice,indeterminate_from_retained_bundle
V25R062,AIID003,AIID003,CL042,Crashes with Maneuvering Characteristics Augmentation System (MCAS),exposure,Exposure opportunity framework,applicable,partial,partial,partial,partial,['unit'],"['unit', 'coverage']",['coverage'],1,2,,,,,,,,Inherited v3 legacy field retained for one-to-one audit mapping; v4 interpretation uses model-supported support and the v4 strict/minimal-core rules.,partial,partial,partial,strict rule: all field components required for present; minimal-core rule is exploratory sensitivity only,Model-supported support is not externally calibrated and no independent second human coder was used.,partial,partial,partial_support,partial_support,Partial support,Partial support,Retained-evidence recoverability state; not organizational presence or absence,AI-assisted semantic audit with author confirmation of changed and low-confidence decisions,3,CL042,partial_support,partial_support,retained-documentation recoverability under author-defined rules; not organizational practice,
V25R062,AIID003,AIID003,CL042,Crashes with Maneuvering Characteristics Augmentation System (MCAS),follow_up,Follow-up window,applicable,partial,partial,partial,partial,['owner'],['owner'],[],1,1,,,,,,,,Inherited v3 legacy field retained for one-to-one audit mapping; v4 interpretation uses model-supported support and the v4 strict/minimal-core rules.,partial,partial,absent,strict rule: all field components required for present; minimal-core rule is exploratory sensitivity only,Model-supported support is not externally calibrated and no independent second human coder was used.,partial,partial,partial_support,partial_support,Partial support,Partial support,Retained-evidence recoverability state; not organizational presence or absence,AI-assisted semantic audit with author confirmation of changed and low-confidence decisions,3,CL042,partial_support,partial_support,retained-documentation recoverability under author-defined rules; not organizational practice,
V25R062,AIID003,AIID003,CL042,Crashes with Maneuvering Characteristics Augmentation System (MCAS),closure,Closure basis,applicable,absent,absent,absent,absent,[],[],[],0,0,,,,,,,,Inherited v3 legacy field retained for one-to-one audit mapping; v4 interpretation uses model-supported support and the v4 strict/minimal-core rules.,absent,absent,absent,strict rule: all field components required for present; minimal-core rule is exploratory sensitivity only,Model-supported support is not externally calibrated and no independent second human coder was used.,absent,absent,not_recovered,not_recovered,Not recovered,Not recovered,Retained-evidence recoverability state; not organizational presence or absence,AI-assisted semantic audit with author confirmation of changed and low-confidence decisions,3,CL042,not_recovered,not_recovered,retained-documentation recoverability under author-defined rules; not organizational practice,indeterminate_from_retained_bundle
V25R063,AIID004,AIID004,CL043,Uber AV Killed Pedestrian in Arizona,exposure,Exposure opportunity framework,applicable,partial,partial,partial,partial,['unit'],['unit'],[],1,1,,,,,,,,Inherited v3 legacy field retained for one-to-one audit mapping; v4 interpretation uses model-supported support and the v4 strict/minimal-core rules.,partial,partial,partial,strict rule: all field components required for present; minimal-core rule is exploratory sensitivity only,Model-supported support is not externally calibrated and no independent second human coder was used.,partial,partial,partial_support,partial_support,Partial support,Partial support,Retained-evidence recoverability state; not organizational presence or absence,AI-assisted semantic audit with author confirmation of changed and low-confidence decisions,4,CL043,partial_support,partial_support,retained-documentation recoverability under author-defined rules; not organizational practice,
V25R063,AIID004,AIID004,CL043,Uber AV Killed Pedestrian in Arizona,follow_up,Follow-up window,applicable,partial,partial,partial,partial,"['exposure_qualified_observation', 'owner']","['exposure_qualified_observation', 'owner']",[],2,2,,,,,,,,Inherited v3 legacy field retained for one-to-one audit mapping; v4 interpretation uses model-supported support and the v4 strict/minimal-core rules.,partial,partial,partial,strict rule: all field components required for present; minimal-core rule is exploratory sensitivity only,Model-supported support is not externally calibrated and no independent second human coder was used.,partial,partial,partial_support,partial_support,Partial support,Partial support,Retained-evidence recoverability state; not organizational presence or absence,AI-assisted semantic audit with author confirmation of changed and low-confidence decisions,4,CL043,partial_support,partial_support,retained-documentation recoverability under author-defined rules; not organizational practice,
V25R063,AIID004,AIID004,CL043,Uber AV Killed Pedestrian in Arizona,closure,Closure basis,applicable,absent,absent,absent,absent,[],[],[],0,0,,,,,,,,Inherited v3 legacy field retained for one-to-one audit mapping; v4 interpretation uses model-supported support and the v4 strict/minimal-core rules.,absent,absent,absent,strict rule: all field components required for present; minimal-core rule is exploratory sensitivity only,Model-supported support is not externally calibrated and no independent second human coder was used.,absent,absent,not_recovered,not_recovered,Not recovered,Not recovered,Retained-evidence recoverability state; not organizational presence or absence,AI-assisted semantic audit with author confirmation of changed and low-confidence decisions,4,CL043,not_recovered,not_recovered,retained-documentation recoverability under author-defined rules; not organizational practice,indeterminate_from_retained_bundle
V25R064,AIID006,AIID006,CL044,"Microsoft's TayBot Allegedly Posts Racist, Sexist, and Anti-Semitic Content to Twitter",exposure,Exposure opportunity framework,applicable,partial,partial,partial,partial,"['unit', 'time_origin']","['unit', 'time_origin']",[],2,2,,,,,,,,Inherited v3 legacy field retained for one-to-one audit mapping; v4 interpretation uses model-supported support and the v4 strict/minimal-core rules.,partial,partial,partial,strict rule: all field components required for present; minimal-core rule is exploratory sensitivity only,Model-supported support is not externally calibrated and no independent second human coder was used.,partial,partial,partial_support,partial_support,Partial support,Partial support,Retained-evidence recoverability state; not organizational presence or absence,AI-assisted semantic audit with author confirmation of changed and low-confidence decisions,6,CL044,partial_support,partial_support,retained-documentation recoverability under author-defined rules; not organizational practice,
V25R064,AIID006,AIID006,CL044,"Microsoft's TayBot Allegedly Posts Racist, Sexist, and Anti-Semitic Content to Twitter",follow_up,Follow-up window,applicable,partial,partial,partial,partial,"['calendar_interval', 'owner']","['calendar_interval', 'owner']",[],2,2,,,,,,,,Inherited v3 legacy field retained for one-to-one audit mapping; v4 interpretation uses model-supported support and the v4 strict/minimal-core rules.,partial,partial,partial,strict rule: all field components required for present; minimal-core rule is exploratory sensitivity only,Model-supported support is not externally calibrated and no independent second human coder was used.,partial,partial,partial_support,partial_support,Partial support,Partial support,Retained-evidence recoverability state; not organizational presence or absence,AI-assisted semantic audit with author confirmation of changed and low-confidence decisions,6,CL044,partial_support,partial_support,retained-documentation recoverability under author-defined rules; not organizational practice,
V25R064,AIID006,AIID006,CL044,"Microsoft's TayBot Allegedly Posts Racist, Sexist, and Anti-Semitic Content to Twitter",closure,Closure basis,applicable,partial,partial,partial,partial,"['scope', 'evidence_basis', 'date', 'owner']","['scope', 'evidence_basis', 'date', 'owner']",[],4,4,,,,,,,,Inherited v3 legacy field retained for one-to-one audit mapping; v4 interpretation uses model-supported support and the v4 strict/minimal-core rules.,partial,partial,present,strict rule: all field components required for present; minimal-core rule is exploratory sensitivity only,Model-supported support is not externally calibrated and no independent second human coder was used.,partial,partial,partial_support,partial_support,Partial support,Partial support,Retained-evidence recoverability state; not organizational presence or absence,AI-assisted semantic audit with author confirmation of changed and low-confidence decisions,6,CL044,partial_support,partial_support,retained-documentation recoverability under author-defined rules; not organizational practice,
V25R065,AIID007,AIID007,CL061,Wikipedia Vandalism Prevention Bot Loop,exposure,Exposure opportunity framework,applicable,partial,partial,partial,partial,['unit'],['unit'],[],1,1,,,,,,,,Inherited v3 legacy field retained for one-to-one audit mapping; v4 interpretation uses model-supported support and the v4 strict/minimal-core rules.,partial,partial,partial,strict rule: all field components required for present; minimal-core rule is exploratory sensitivity only,Model-supported support is not externally calibrated and no independent second human coder was used.,partial,partial,partial_support,partial_support,Partial support,Partial support,Retained-evidence recoverability state; not organizational presence or absence,AI-assisted semantic audit with author confirmation of changed and low-confidence decisions,7,CL061,partial_support,partial_support,retained-documentation recoverability under author-defined rules; not organizational practice,
V25R065,AIID007,AIID007,CL061,Wikipedia Vandalism Prevention Bot Loop,follow_up,Follow-up window,applicable,partial,absent,partial,absent,[],"['calendar_interval', 'exposure_qualified_observation']","['calendar_interval', 'exposure_qualified_observation']",0,2,,,,,,,,Inherited v3 legacy field retained for one-to-one audit mapping; v4 interpretation uses model-supported support and the v4 strict/minimal-core rules.,absent,partial,absent,strict rule: all field components required for present; minimal-core rule is exploratory sensitivity only,Model-supported support is not externally calibrated and no independent second human coder was used.,absent,partial,not_recovered,partial_support,Not recovered,Partial support,Retained-evidence recoverability state; not organizational presence or absence,AI-assisted semantic audit with author confirmation of changed and low-confidence decisions,7,CL061,not_recovered,partial_support,retained-documentation recoverability under author-defined rules; not organizational practice,indeterminate_from_retained_bundle
V25R065,AIID007,AIID007,CL061,Wikipedia Vandalism Prevention Bot Loop,closure,Closure basis,applicable,absent,absent,absent,absent,[],[],[],0,0,,,,,,,,Inherited v3 legacy field retained for one-to-one audit mapping; v4 interpretation uses model-supported support and the v4 strict/minimal-core rules.,absent,absent,absent,strict rule: all field components required for present; minimal-core rule is exploratory sensitivity only,Model-supported support is not externally calibrated and no independent second human coder was used.,absent,absent,not_recovered,not_recovered,Not recovered,Not recovered,Retained-evidence recoverability state; not organizational presence or absence,AI-assisted semantic audit with author confirmation of changed and low-confidence decisions,7,CL061,not_recovered,not_recovered,retained-documentation recoverability under author-defined rules; not organizational practice,indeterminate_from_retained_bundle
V25R066,AIID009,AIID009,CL045,New York City Reportedly Released Disputed Value-Added Teacher Ratings for Thousands of Teachers,exposure,Exposure opportunity framework,applicable,present,present,present,present,"['unit', 'eligibility', 'time_origin', 'coverage']","['unit', 'eligibility', 'time_origin', 'coverage']",[],4,4,,,,,,,,Inherited v3 legacy field retained for one-to-one audit mapping; v4 interpretation uses model-supported support and the v4 strict/minimal-core rules.,present,present,present,strict rule: all field components required for present; minimal-core rule is exploratory sensitivity only,Model-supported support is not externally calibrated and no independent second human coder was used.,present,present,complete_support,complete_support,Complete support,Complete support,Retained-evidence recoverability state; not organizational presence or absence,AI-assisted semantic audit with author confirmation of changed and low-confidence decisions,9,CL045,complete_support,complete_support,retained-documentation recoverability under author-defined rules; not organizational practice,
V25R066,AIID009,AIID009,CL045,New York City Reportedly Released Disputed Value-Added Teacher Ratings for Thousands of Teachers,follow_up,Follow-up window,applicable,partial,partial,partial,partial,['exposure_qualified_observation'],['exposure_qualified_observation'],[],1,1,,,,,,,,Inherited v3 legacy field retained for one-to-one audit mapping; v4 interpretation uses model-supported support and the v4 strict/minimal-core rules.,partial,partial,partial,strict rule: all field components required for present; minimal-core rule is exploratory sensitivity only,Model-supported support is not externally calibrated and no independent second human coder was used.,partial,partial,partial_support,partial_support,Partial support,Partial support,Retained-evidence recoverability state; not organizational presence or absence,AI-assisted semantic audit with author confirmation of changed and low-confidence decisions,9,CL045,partial_support,partial_support,retained-documentation recoverability under author-defined rules; not organizational practice,
V25R066,AIID009,AIID009,CL045,New York City Reportedly Released Disputed Value-Added Teacher Ratings for Thousands of Teachers,closure,Closure basis,applicable,absent,absent,absent,absent,[],[],[],0,0,,,,,,,,Inherited v3 legacy field retained for one-to-one audit mapping; v4 interpretation uses model-supported support and the v4 strict/minimal-core rules.,absent,absent,absent,strict rule: all field components required for present; minimal-core rule is exploratory sensitivity only,Model-supported support is not externally calibrated and no independent second human coder was used.,absent,absent,not_recovered,not_recovered,Not recovered,Not recovered,Retained-evidence recoverability state; not organizational presence or absence,AI-assisted semantic audit with author confirmation of changed and low-confidence decisions,9,CL045,not_recovered,not_recovered,retained-documentation recoverability under author-defined rules; not organizational practice,indeterminate_from_retained_bundle
V25R067,AIID010,AIID010,CL062,Kronos Scheduling Algorithm Allegedly Caused Financial Issues for Starbucks Employees,exposure,Exposure opportunity framework,applicable,partial,partial,partial,partial,"['unit', 'coverage']","['unit', 'coverage']",[],2,2,,,,,,,,Inherited v3 legacy field retained for one-to-one audit mapping; v4 interpretation uses model-supported support and the v4 strict/minimal-core rules.,partial,partial,partial,strict rule: all field components required for present; minimal-core rule is exploratory sensitivity only,Model-supported support is not externally calibrated and no independent second human coder was used.,partial,partial,partial_support,partial_support,Partial support,Partial support,Retained-evidence recoverability state; not organizational presence or absence,AI-assisted semantic audit with author confirmation of changed and low-confidence decisions,10,CL062,partial_support,partial_support,retained-documentation recoverability under author-defined rules; not organizational practice,
V25R067,AIID010,AIID010,CL062,Kronos Scheduling Algorithm Allegedly Caused Financial Issues for Starbucks Employees,follow_up,Follow-up window,applicable,absent,absent,absent,absent,[],[],[],0,0,,,,,,,,Inherited v3 legacy field retained for one-to-one audit mapping; v4 interpretation uses model-supported support and the v4 strict/minimal-core rules.,absent,absent,absent,strict rule: all field components required for present; minimal-core rule is exploratory sensitivity only,Model-supported support is not externally calibrated and no independent second human coder was used.,absent,absent,not_recovered,not_recovered,Not recovered,Not recovered,Retained-evidence recoverability state; not organizational presence or absence,AI-assisted semantic audit with author confirmation of changed and low-confidence decisions,10,CL062,not_recovered,not_recovered,retained-documentation recoverability under author-defined rules; not organizational practice,indeterminate_from_retained_bundle
V25R067,AIID010,AIID010,CL062,Kronos Scheduling Algorithm Allegedly Caused Financial Issues for Starbucks Employees,closure,Closure basis,applicable,absent,absent,absent,absent,[],[],[],0,0,,,,,,,,Inherited v3 legacy field retained for one-to-one audit mapping; v4 interpretation uses model-supported support and the v4 strict/minimal-core rules.,absent,absent,absent,strict rule: all field components required for present; minimal-core rule is exploratory sensitivity only,Model-supported support is not externally calibrated and no independent second human coder was used.,absent,absent,not_recovered,not_recovered,Not recovered,Not recovered,Retained-evidence recoverability state; not organizational presence or absence,AI-assisted semantic audit with author confirmation of changed and low-confidence decisions,10,CL062,not_recovered,not_recovered,retained-documentation recoverability under author-defined rules; not organizational practice,indeterminate_from_retained_bundle
V25R068,AIID011,AIID011,CL063,Northpointe Risk Models,exposure,Exposure opportunity framework,applicable,absent,absent,absent,absent,[],[],[],0,0,,,,,,,,Inherited v3 legacy field retained for one-to-one audit mapping; v4 interpretation uses model-supported support and the v4 strict/minimal-core rules.,absent,absent,absent,strict rule: all field components required for present; minimal-core rule is exploratory sensitivity only,Model-supported support is not externally calibrated and no independent second human coder was used.,absent,absent,not_recovered,not_recovered,Not recovered,Not recovered,Retained-evidence recoverability state; not organizational presence or absence,AI-assisted semantic audit with author confirmation of changed and low-confidence decisions,11,CL063,not_recovered,not_recovered,retained-documentation recoverability under author-defined rules; not organizational practice,indeterminate_from_retained_bundle
V25R068,AIID011,AIID011,CL063,Northpointe Risk Models,follow_up,Follow-up window,applicable,absent,absent,absent,absent,[],[],[],0,0,,,,,,,,Inherited v3 legacy field retained for one-to-one audit mapping; v4 interpretation uses model-supported support and the v4 strict/minimal-core rules.,absent,absent,absent,strict rule: all field components required for present; minimal-core rule is exploratory sensitivity only,Model-supported support is not externally calibrated and no independent second human coder was used.,absent,absent,not_recovered,not_recovered,Not recovered,Not recovered,Retained-evidence recoverability state; not organizational presence or absence,AI-assisted semantic audit with author confirmation of changed and low-confidence decisions,11,CL063,not_recovered,not_recovered,retained-documentation recoverability under author-defined rules; not organizational practice,indeterminate_from_retained_bundle
V25R068,AIID011,AIID011,CL063,Northpointe Risk Models,closure,Closure basis,applicable,absent,absent,absent,absent,[],[],[],0,0,,,,,,,,Inherited v3 legacy field retained for one-to-one audit mapping; v4 interpretation uses model-supported support and the v4 strict/minimal-core rules.,absent,absent,absent,strict rule: all field components required for present; minimal-core rule is exploratory sensitivity only,Model-supported support is not externally calibrated and no independent second human coder was used.,absent,absent,not_recovered,not_recovered,Not recovered,Not recovered,Retained-evidence recoverability state; not organizational presence or absence,AI-assisted semantic audit with author confirmation of changed and low-confidence decisions,11,CL063,not_recovered,not_recovered,retained-documentation recoverability under author-defined rules; not organizational practice,indeterminate_from_retained_bundle
V25R069,AIID012,AIID012,CL064,Common Biases of Vector Embeddings,exposure,Exposure opportunity framework,applicable,absent,absent,absent,absent,[],[],[],0,0,,,,,,,,Inherited v3 legacy field retained for one-to-one audit mapping; v4 interpretation uses model-supported support and the v4 strict/minimal-core rules.,absent,absent,absent,strict rule: all field components required for present; minimal-core rule is exploratory sensitivity only,Model-supported support is not externally calibrated and no independent second human coder was used.,absent,absent,not_recovered,not_recovered,Not recovered,Not recovered,Retained-evidence recoverability state; not organizational presence or absence,AI-assisted semantic audit with author confirmation of changed and low-confidence decisions,12,CL064,not_recovered,not_recovered,retained-documentation recoverability under author-defined rules; not organizational practice,indeterminate_from_retained_bundle
V25R069,AIID012,AIID012,CL064,Common Biases of Vector Embeddings,follow_up,Follow-up window,applicable,absent,absent,absent,absent,[],[],[],0,0,,,,,,,,Inherited v3 legacy field retained for one-to-one audit mapping; v4 interpretation uses model-supported support and the v4 strict/minimal-core rules.,absent,absent,absent,strict rule: all field components required for present; minimal-core rule is exploratory sensitivity only,Model-supported support is not externally calibrated and no independent second human coder was used.,absent,absent,not_recovered,not_recovered,Not recovered,Not recovered,Retained-evidence recoverability state; not organizational presence or absence,AI-assisted semantic audit with author confirmation of changed and low-confidence decisions,12,CL064,not_recovered,not_recovered,retained-documentation recoverability under author-defined rules; not organizational practice,indeterminate_from_retained_bundle
V25R069,AIID012,AIID012,CL064,Common Biases of Vector Embeddings,closure,Closure basis,applicable,absent,absent,absent,absent,[],[],[],0,0,,,,,,,,Inherited v3 legacy field retained for one-to-one audit mapping; v4 interpretation uses model-supported support and the v4 strict/minimal-core rules.,absent,absent,absent,strict rule: all field components required for present; minimal-core rule is exploratory sensitivity only,Model-supported support is not externally calibrated and no independent second human coder was used.,absent,absent,not_recovered,not_recovered,Not recovered,Not recovered,Retained-evidence recoverability state; not organizational presence or absence,AI-assisted semantic audit with author confirmation of changed and low-confidence decisions,12,CL064,not_recovered,not_recovered,retained-documentation recoverability under author-defined rules; not organizational practice,indeterminate_from_retained_bundle
V25R070,AIID014,AIID014,CL065,Biased Sentiment Analysis,exposure,Exposure opportunity framework,applicable,absent,absent,absent,absent,[],[],[],0,0,,,,,,,,Inherited v3 legacy field retained for one-to-one audit mapping; v4 interpretation uses model-supported support and the v4 strict/minimal-core rules.,absent,absent,absent,strict rule: all field components required for present; minimal-core rule is exploratory sensitivity only,Model-supported support is not externally calibrated and no independent second human coder was used.,absent,absent,not_recovered,not_recovered,Not recovered,Not recovered,Retained-evidence recoverability state; not organizational presence or absence,AI-assisted semantic audit with author confirmation of changed and low-confidence decisions,14,CL065,not_recovered,not_recovered,retained-documentation recoverability under author-defined rules; not organizational practice,indeterminate_from_retained_bundle
V25R070,AIID014,AIID014,CL065,Biased Sentiment Analysis,follow_up,Follow-up window,applicable,absent,absent,absent,absent,[],[],[],0,0,,,,,,,,Inherited v3 legacy field retained for one-to-one audit mapping; v4 interpretation uses model-supported support and the v4 strict/minimal-core rules.,absent,absent,absent,strict rule: all field components required for present; minimal-core rule is exploratory sensitivity only,Model-supported support is not externally calibrated and no independent second human coder was used.,absent,absent,not_recovered,not_recovered,Not recovered,Not recovered,Retained-evidence recoverability state; not organizational presence or absence,AI-assisted semantic audit with author confirmation of changed and low-confidence decisions,14,CL065,not_recovered,not_recovered,retained-documentation recoverability under author-defined rules; not organizational practice,indeterminate_from_retained_bundle
V25R070,AIID014,AIID014,CL065,Biased Sentiment Analysis,closure,Closure basis,applicable,absent,absent,absent,absent,[],[],[],0,0,,,,,,,,Inherited v3 legacy field retained for one-to-one audit mapping; v4 interpretation uses model-supported support and the v4 strict/minimal-core rules.,absent,absent,absent,strict rule: all field components required for present; minimal-core rule is exploratory sensitivity only,Model-supported support is not externally calibrated and no independent second human coder was used.,absent,absent,not_recovered,not_recovered,Not recovered,Not recovered,Retained-evidence recoverability state; not organizational presence or absence,AI-assisted semantic audit with author confirmation of changed and low-confidence decisions,14,CL065,not_recovered,not_recovered,retained-documentation recoverability under author-defined rules; not organizational practice,indeterminate_from_retained_bundle
V25R071,AIID015,AIID015,CL046,Amazon Censors Gay Books,exposure,Exposure opportunity framework,applicable,partial,partial,partial,partial,"['unit', 'eligibility']","['unit', 'eligibility']",[],2,2,,,,,,,,Inherited v3 legacy field retained for one-to-one audit mapping; v4 interpretation uses model-supported support and the v4 strict/minimal-core rules.,partial,partial,present,strict rule: all field components required for present; minimal-core rule is exploratory sensitivity only,Model-supported support is not externally calibrated and no independent second human coder was used.,partial,partial,partial_support,partial_support,Partial support,Partial support,Retained-evidence recoverability state; not organizational presence or absence,AI-assisted semantic audit with author confirmation of changed and low-confidence decisions,15,CL046,partial_support,partial_support,retained-documentation recoverability under author-defined rules; not organizational practice,
V25R071,AIID015,AIID015,CL046,Amazon Censors Gay Books,follow_up,Follow-up window,applicable,partial,partial,partial,partial,"['calendar_interval', 'exposure_qualified_observation']","['calendar_interval', 'exposure_qualified_observation']",[],2,2,,,,,,,,Inherited v3 legacy field retained for one-to-one audit mapping; v4 interpretation uses model-supported support and the v4 strict/minimal-core rules.,partial,partial,present,strict rule: all field components required for present; minimal-core rule is exploratory sensitivity only,Model-supported support is not externally calibrated and no independent second human coder was used.,partial,partial,partial_support,partial_support,Partial support,Partial support,Retained-evidence recoverability state; not organizational presence or absence,AI-assisted semantic audit with author confirmation of changed and low-confidence decisions,15,CL046,partial_support,partial_support,retained-documentation recoverability under author-defined rules; not organizational practice,
V25R071,AIID015,AIID015,CL046,Amazon Censors Gay Books,closure,Closure basis,applicable,absent,absent,absent,absent,[],[],[],0,0,,,,,,,,Inherited v3 legacy field retained for one-to-one audit mapping; v4 interpretation uses model-supported support and the v4 strict/minimal-core rules.,absent,absent,absent,strict rule: all field components required for present; minimal-core rule is exploratory sensitivity only,Model-supported support is not externally calibrated and no independent second human coder was used.,absent,absent,not_recovered,not_recovered,Not recovered,Not recovered,Retained-evidence recoverability state; not organizational presence or absence,AI-assisted semantic audit with author confirmation of changed and low-confidence decisions,15,CL046,not_recovered,not_recovered,retained-documentation recoverability under author-defined rules; not organizational practice,indeterminate_from_retained_bundle
V25R072,AIID016,AIID016,CL047,Images of Black People Labeled as Gorillas,exposure,Exposure opportunity framework,applicable,partial,partial,partial,partial,['unit'],['unit'],[],1,1,,,,,,,,Inherited v3 legacy field retained for one-to-one audit mapping; v4 interpretation uses model-supported support and the v4 strict/minimal-core rules.,partial,partial,partial,strict rule: all field components required for present; minimal-core rule is exploratory sensitivity only,Model-supported support is not externally calibrated and no independent second human coder was used.,partial,partial,partial_support,partial_support,Partial support,Partial support,Retained-evidence recoverability state; not organizational presence or absence,AI-assisted semantic audit with author confirmation of changed and low-confidence decisions,16,CL047,partial_support,partial_support,retained-documentation recoverability under author-defined rules; not organizational practice,
V25R072,AIID016,AIID016,CL047,Images of Black People Labeled as Gorillas,follow_up,Follow-up window,applicable,partial,partial,partial,partial,"['calendar_interval', 'exposure_qualified_observation', 'owner']","['calendar_interval', 'exposure_qualified_observation', 'owner']",[],3,3,,,,,,,,Inherited v3 legacy field retained for one-to-one audit mapping; v4 interpretation uses model-supported support and the v4 strict/minimal-core rules.,partial,partial,present,strict rule: all field components required for present; minimal-core rule is exploratory sensitivity only,Model-supported support is not externally calibrated and no independent second human coder was used.,partial,partial,partial_support,partial_support,Partial support,Partial support,Retained-evidence recoverability state; not organizational presence or absence,AI-assisted semantic audit with author confirmation of changed and low-confidence decisions,16,CL047,partial_support,partial_support,retained-documentation recoverability under author-defined rules; not organizational practice,
V25R072,AIID016,AIID016,CL047,Images of Black People Labeled as Gorillas,closure,Closure basis,applicable,partial,partial,partial,partial,"['scope', 'owner', 'uncertainty']","['scope', 'owner', 'uncertainty']",[],3,3,,,,,,,,Inherited v3 legacy field retained for one-to-one audit mapping; v4 interpretation uses model-supported support and the v4 strict/minimal-core rules.,partial,partial,partial,strict rule: all field components required for present; minimal-core rule is exploratory sensitivity only,Model-supported support is not externally calibrated and no independent second human coder was used.,partial,partial,partial_support,partial_support,Partial support,Partial support,Retained-evidence recoverability state; not organizational presence or absence,AI-assisted semantic audit with author confirmation of changed and low-confidence decisions,16,CL047,partial_support,partial_support,retained-documentation recoverability under author-defined rules; not organizational practice,
V25R073,AIID020,AIID020,CL048,A Collection of Tesla Autopilot-Involved Crashes,exposure,Exposure opportunity framework,applicable,absent,absent,absent,absent,[],[],[],0,0,,,,,,,,Inherited v3 legacy field retained for one-to-one audit mapping; v4 interpretation uses model-supported support and the v4 strict/minimal-core rules.,absent,absent,absent,strict rule: all field components required for present; minimal-core rule is exploratory sensitivity only,Model-supported support is not externally calibrated and no independent second human coder was used.,absent,absent,not_recovered,not_recovered,Not recovered,Not recovered,Retained-evidence recoverability state; not organizational presence or absence,AI-assisted semantic audit with author confirmation of changed and low-confidence decisions,20,CL048,not_recovered,not_recovered,retained-documentation recoverability under author-defined rules; not organizational practice,indeterminate_from_retained_bundle
V25R073,AIID020,AIID020,CL048,A Collection of Tesla Autopilot-Involved Crashes,follow_up,Follow-up window,applicable,partial,absent,partial,absent,[],"['calendar_interval', 'exposure_qualified_observation']","['calendar_interval', 'exposure_qualified_observation']",0,2,,,,,,,,Inherited v3 legacy field retained for one-to-one audit mapping; v4 interpretation uses model-supported support and the v4 strict/minimal-core rules.,absent,partial,absent,strict rule: all field components required for present; minimal-core rule is exploratory sensitivity only,Model-supported support is not externally calibrated and no independent second human coder was used.,absent,partial,not_recovered,partial_support,Not recovered,Partial support,Retained-evidence recoverability state; not organizational presence or absence,AI-assisted semantic audit with author confirmation of changed and low-confidence decisions,20,CL048,not_recovered,partial_support,retained-documentation recoverability under author-defined rules; not organizational practice,indeterminate_from_retained_bundle
V25R073,AIID020,AIID020,CL048,A Collection of Tesla Autopilot-Involved Crashes,closure,Closure basis,applicable,absent,absent,absent,absent,[],[],[],0,0,,,,,,,,Inherited v3 legacy field retained for one-to-one audit mapping; v4 interpretation uses model-supported support and the v4 strict/minimal-core rules.,absent,absent,absent,strict rule: all field components required for present; minimal-core rule is exploratory sensitivity only,Model-supported support is not externally calibrated and no independent second human coder was used.,absent,absent,not_recovered,not_recovered,Not recovered,Not recovered,Retained-evidence recoverability state; not organizational presence or absence,AI-assisted semantic audit with author confirmation of changed and low-confidence decisions,20,CL048,not_recovered,not_recovered,retained-documentation recoverability under author-defined rules; not organizational practice,indeterminate_from_retained_bundle
V25R074,AIID023,AIID023,CL066,Las Vegas Self-Driving Bus Involved in Accident,exposure,Exposure opportunity framework,applicable,partial,partial,partial,partial,"['unit', 'time_origin']","['unit', 'time_origin']",[],2,2,,,,,,,,Inherited v3 legacy field retained for one-to-one audit mapping; v4 interpretation uses model-supported support and the v4 strict/minimal-core rules.,partial,partial,partial,strict rule: all field components required for present; minimal-core rule is exploratory sensitivity only,Model-supported support is not externally calibrated and no independent second human coder was used.,partial,partial,partial_support,partial_support,Partial support,Partial support,Retained-evidence recoverability state; not organizational presence or absence,AI-assisted semantic audit with author confirmation of changed and low-confidence decisions,23,CL066,partial_support,partial_support,retained-documentation recoverability under author-defined rules; not organizational practice,
V25R074,AIID023,AIID023,CL066,Las Vegas Self-Driving Bus Involved in Accident,follow_up,Follow-up window,applicable,absent,absent,absent,absent,[],[],[],0,0,,,,,,,,Inherited v3 legacy field retained for one-to-one audit mapping; v4 interpretation uses model-supported support and the v4 strict/minimal-core rules.,absent,absent,absent,strict rule: all field components required for present; minimal-core rule is exploratory sensitivity only,Model-supported support is not externally calibrated and no independent second human coder was used.,absent,absent,not_recovered,not_recovered,Not recovered,Not recovered,Retained-evidence recoverability state; not organizational presence or absence,AI-assisted semantic audit with author confirmation of changed and low-confidence decisions,23,CL066,not_recovered,not_recovered,retained-documentation recoverability under author-defined rules; not organizational practice,indeterminate_from_retained_bundle
V25R074,AIID023,AIID023,CL066,Las Vegas Self-Driving Bus Involved in Accident,closure,Closure basis,applicable,partial,partial,partial,partial,"['scope', 'owner']","['scope', 'owner']",[],2,2,,,,,,,,Inherited v3 legacy field retained for one-to-one audit mapping; v4 interpretation uses model-supported support and the v4 strict/minimal-core rules.,partial,partial,partial,strict rule: all field components required for present; minimal-core rule is exploratory sensitivity only,Model-supported support is not externally calibrated and no independent second human coder was used.,partial,partial,partial_support,partial_support,Partial support,Partial support,Retained-evidence recoverability state; not organizational presence or absence,AI-assisted semantic audit with author confirmation of changed and low-confidence decisions,23,CL066,partial_support,partial_support,retained-documentation recoverability under author-defined rules; not organizational practice,
V25R075,AIID024,AIID024,CL049,Robot kills worker at German Volkswagen plant,exposure,Exposure opportunity framework,applicable,partial,partial,partial,partial,['unit'],['unit'],[],1,1,,,,,,,,Inherited v3 legacy field retained for one-to-one audit mapping; v4 interpretation uses model-supported support and the v4 strict/minimal-core rules.,partial,partial,partial,strict rule: all field components required for present; minimal-core rule is exploratory sensitivity only,Model-supported support is not externally calibrated and no independent second human coder was used.,partial,partial,partial_support,partial_support,Partial support,Partial support,Retained-evidence recoverability state; not organizational presence or absence,AI-assisted semantic audit with author confirmation of changed and low-confidence decisions,24,CL049,partial_support,partial_support,retained-documentation recoverability under author-defined rules; not organizational practice,
V25R075,AIID024,AIID024,CL049,Robot kills worker at German Volkswagen plant,follow_up,Follow-up window,applicable,partial,partial,partial,partial,['owner'],['owner'],[],1,1,,,,,,,,Inherited v3 legacy field retained for one-to-one audit mapping; v4 interpretation uses model-supported support and the v4 strict/minimal-core rules.,partial,partial,absent,strict rule: all field components required for present; minimal-core rule is exploratory sensitivity only,Model-supported support is not externally calibrated and no independent second human coder was used.,partial,partial,partial_support,partial_support,Partial support,Partial support,Retained-evidence recoverability state; not organizational presence or absence,AI-assisted semantic audit with author confirmation of changed and low-confidence decisions,24,CL049,partial_support,partial_support,retained-documentation recoverability under author-defined rules; not organizational practice,
V25R075,AIID024,AIID024,CL049,Robot kills worker at German Volkswagen plant,closure,Closure basis,applicable,absent,absent,absent,absent,[],[],[],0,0,,,,,,,,Inherited v3 legacy field retained for one-to-one audit mapping; v4 interpretation uses model-supported support and the v4 strict/minimal-core rules.,absent,absent,absent,strict rule: all field components required for present; minimal-core rule is exploratory sensitivity only,Model-supported support is not externally calibrated and no independent second human coder was used.,absent,absent,not_recovered,not_recovered,Not recovered,Not recovered,Retained-evidence recoverability state; not organizational presence or absence,AI-assisted semantic audit with author confirmation of changed and low-confidence decisions,24,CL049,not_recovered,not_recovered,retained-documentation recoverability under author-defined rules; not organizational practice,indeterminate_from_retained_bundle
V25R076,AIID027,AIID027,CL067,Nuclear False Alarm,exposure,Exposure opportunity framework,applicable,partial,partial,partial,partial,"['unit', 'coverage']","['unit', 'coverage']",[],2,2,,,,,,,,Inherited v3 legacy field retained for one-to-one audit mapping; v4 interpretation uses model-supported support and the v4 strict/minimal-core rules.,partial,partial,partial,strict rule: all field components required for present; minimal-core rule is exploratory sensitivity only,Model-supported support is not externally calibrated and no independent second human coder was used.,partial,partial,partial_support,partial_support,Partial support,Partial support,Retained-evidence recoverability state; not organizational presence or absence,AI-assisted semantic audit with author confirmation of changed and low-confidence decisions,27,CL067,partial_support,partial_support,retained-documentation recoverability under author-defined rules; not organizational practice,
V25R076,AIID027,AIID027,CL067,Nuclear False Alarm,follow_up,Follow-up window,applicable,absent,absent,absent,absent,[],[],[],0,0,,,,,,,,Inherited v3 legacy field retained for one-to-one audit mapping; v4 interpretation uses model-supported support and the v4 strict/minimal-core rules.,absent,absent,absent,strict rule: all field components required for present; minimal-core rule is exploratory sensitivity only,Model-supported support is not externally calibrated and no independent second human coder was used.,absent,absent,not_recovered,not_recovered,Not recovered,Not recovered,Retained-evidence recoverability state; not organizational presence or absence,AI-assisted semantic audit with author confirmation of changed and low-confidence decisions,27,CL067,not_recovered,not_recovered,retained-documentation recoverability under author-defined rules; not organizational practice,indeterminate_from_retained_bundle
V25R076,AIID027,AIID027,CL067,Nuclear False Alarm,closure,Closure basis,applicable,partial,partial,partial,partial,"['scope', 'evidence_basis', 'uncertainty']","['scope', 'evidence_basis', 'owner', 'uncertainty']",['owner'],3,4,,,,,,,,Inherited v3 legacy field retained for one-to-one audit mapping; v4 interpretation uses model-supported support and the v4 strict/minimal-core rules.,partial,partial,partial,strict rule: all field components required for present; minimal-core rule is exploratory sensitivity only,Model-supported support is not externally calibrated and no independent second human coder was used.,partial,partial,partial_support,partial_support,Partial support,Partial support,Retained-evidence recoverability state; not organizational presence or absence,AI-assisted semantic audit with author confirmation of changed and low-confidence decisions,27,CL067,partial_support,partial_support,retained-documentation recoverability under author-defined rules; not organizational practice,
V25R077,AIID031,AIID031,CL068,Driverless Train in Delhi Crashes due to Braking Failure,exposure,Exposure opportunity framework,applicable,partial,partial,partial,partial,"['unit', 'eligibility']","['unit', 'eligibility']",[],2,2,,,,,,,,Inherited v3 legacy field retained for one-to-one audit mapping; v4 interpretation uses model-supported support and the v4 strict/minimal-core rules.,partial,partial,present,strict rule: all field components required for present; minimal-core rule is exploratory sensitivity only,Model-supported support is not externally calibrated and no independent second human coder was used.,partial,partial,partial_support,partial_support,Partial support,Partial support,Retained-evidence recoverability state; not organizational presence or absence,AI-assisted semantic audit with author confirmation of changed and low-confidence decisions,31,CL068,partial_support,partial_support,retained-documentation recoverability under author-defined rules; not organizational practice,
V25R077,AIID031,AIID031,CL068,Driverless Train in Delhi Crashes due to Braking Failure,follow_up,Follow-up window,applicable,partial,partial,partial,partial,['owner'],['owner'],[],1,1,,,,,,,,Inherited v3 legacy field retained for one-to-one audit mapping; v4 interpretation uses model-supported support and the v4 strict/minimal-core rules.,partial,partial,absent,strict rule: all field components required for present; minimal-core rule is exploratory sensitivity only,Model-supported support is not externally calibrated and no independent second human coder was used.,partial,partial,partial_support,partial_support,Partial support,Partial support,Retained-evidence recoverability state; not organizational presence or absence,AI-assisted semantic audit with author confirmation of changed and low-confidence decisions,31,CL068,partial_support,partial_support,retained-documentation recoverability under author-defined rules; not organizational practice,
V25R077,AIID031,AIID031,CL068,Driverless Train in Delhi Crashes due to Braking Failure,closure,Closure basis,applicable,absent,absent,absent,absent,[],[],[],0,0,,,,,,,,Inherited v3 legacy field retained for one-to-one audit mapping; v4 interpretation uses model-supported support and the v4 strict/minimal-core rules.,absent,absent,absent,strict rule: all field components required for present; minimal-core rule is exploratory sensitivity only,Model-supported support is not externally calibrated and no independent second human coder was used.,absent,absent,not_recovered,not_recovered,Not recovered,Not recovered,Retained-evidence recoverability state; not organizational presence or absence,AI-assisted semantic audit with author confirmation of changed and low-confidence decisions,31,CL068,not_recovered,not_recovered,retained-documentation recoverability under author-defined rules; not organizational practice,indeterminate_from_retained_bundle
V25R078,AIID037,AIID037,CL069,Amazon’s Experimental Hiring Tool Allegedly Displayed Gender Bias in Candidate Rankings,exposure,Exposure opportunity framework,applicable,partial,partial,partial,partial,"['unit', 'eligibility']","['unit', 'eligibility']",[],2,2,,,,,,,,Inherited v3 legacy field retained for one-to-one audit mapping; v4 interpretation uses model-supported support and the v4 strict/minimal-core rules.,partial,partial,present,strict rule: all field components required for present; minimal-core rule is exploratory sensitivity only,Model-supported support is not externally calibrated and no independent second human coder was used.,partial,partial,partial_support,partial_support,Partial support,Partial support,Retained-evidence recoverability state; not organizational presence or absence,AI-assisted semantic audit with author confirmation of changed and low-confidence decisions,37,CL069,partial_support,partial_support,retained-documentation recoverability under author-defined rules; not organizational practice,
V25R078,AIID037,AIID037,CL069,Amazon’s Experimental Hiring Tool Allegedly Displayed Gender Bias in Candidate Rankings,follow_up,Follow-up window,applicable,partial,partial,partial,partial,['exposure_qualified_observation'],['exposure_qualified_observation'],[],1,1,,,,,,,,Inherited v3 legacy field retained for one-to-one audit mapping; v4 interpretation uses model-supported support and the v4 strict/minimal-core rules.,partial,partial,partial,strict rule: all field components required for present; minimal-core rule is exploratory sensitivity only,Model-supported support is not externally calibrated and no independent second human coder was used.,partial,partial,partial_support,partial_support,Partial support,Partial support,Retained-evidence recoverability state; not organizational presence or absence,AI-assisted semantic audit with author confirmation of changed and low-confidence decisions,37,CL069,partial_support,partial_support,retained-documentation recoverability under author-defined rules; not organizational practice,
V25R078,AIID037,AIID037,CL069,Amazon’s Experimental Hiring Tool Allegedly Displayed Gender Bias in Candidate Rankings,closure,Closure basis,applicable,partial,partial,partial,partial,"['scope', 'evidence_basis', 'date', 'owner', 'uncertainty']","['scope', 'evidence_basis', 'date', 'owner', 'uncertainty']",[],5,5,,,,,,,,Inherited v3 legacy field retained for one-to-one audit mapping; v4 interpretation uses model-supported support and the v4 strict/minimal-core rules.,partial,partial,present,strict rule: all field components required for present; minimal-core rule is exploratory sensitivity only,Model-supported support is not externally calibrated and no independent second human coder was used.,partial,partial,partial_support,partial_support,Partial support,Partial support,Retained-evidence recoverability state; not organizational presence or absence,AI-assisted semantic audit with author confirmation of changed and low-confidence decisions,37,CL069,partial_support,partial_support,retained-documentation recoverability under author-defined rules; not organizational practice,
V25R079,AIID046,AIID046,CL070,Nest Smoke Alarm Erroneously Stops Alarming,exposure,Exposure opportunity framework,applicable,partial,partial,partial,partial,"['unit', 'eligibility']","['unit', 'eligibility']",[],2,2,,,,,,,,Inherited v3 legacy field retained for one-to-one audit mapping; v4 interpretation uses model-supported support and the v4 strict/minimal-core rules.,partial,partial,present,strict rule: all field components required for present; minimal-core rule is exploratory sensitivity only,Model-supported support is not externally calibrated and no independent second human coder was used.,partial,partial,partial_support,partial_support,Partial support,Partial support,Retained-evidence recoverability state; not organizational presence or absence,AI-assisted semantic audit with author confirmation of changed and low-confidence decisions,46,CL070,partial_support,partial_support,retained-documentation recoverability under author-defined rules; not organizational practice,
V25R079,AIID046,AIID046,CL070,Nest Smoke Alarm Erroneously Stops Alarming,follow_up,Follow-up window,applicable,absent,absent,absent,absent,[],[],[],0,0,,,,,,,,Inherited v3 legacy field retained for one-to-one audit mapping; v4 interpretation uses model-supported support and the v4 strict/minimal-core rules.,absent,absent,absent,strict rule: all field components required for present; minimal-core rule is exploratory sensitivity only,Model-supported support is not externally calibrated and no independent second human coder was used.,absent,absent,not_recovered,not_recovered,Not recovered,Not recovered,Retained-evidence recoverability state; not organizational presence or absence,AI-assisted semantic audit with author confirmation of changed and low-confidence decisions,46,CL070,not_recovered,not_recovered,retained-documentation recoverability under author-defined rules; not organizational practice,indeterminate_from_retained_bundle
V25R079,AIID046,AIID046,CL070,Nest Smoke Alarm Erroneously Stops Alarming,closure,Closure basis,applicable,partial,partial,partial,partial,"['scope', 'evidence_basis', 'owner']","['scope', 'evidence_basis', 'owner']",[],3,3,,,,,,,,Inherited v3 legacy field retained for one-to-one audit mapping; v4 interpretation uses model-supported support and the v4 strict/minimal-core rules.,partial,partial,present,strict rule: all field components required for present; minimal-core rule is exploratory sensitivity only,Model-supported support is not externally calibrated and no independent second human coder was used.,partial,partial,partial_support,partial_support,Partial support,Partial support,Retained-evidence recoverability state; not organizational presence or absence,AI-assisted semantic audit with author confirmation of changed and low-confidence decisions,46,CL070,partial_support,partial_support,retained-documentation recoverability under author-defined rules; not organizational practice,
V25R080,AIID054,AIID054,CL071,Predictive Policing Biases of PredPol,exposure,Exposure opportunity framework,applicable,absent,absent,absent,absent,[],[],[],0,0,,,,,,,,Inherited v3 legacy field retained for one-to-one audit mapping; v4 interpretation uses model-supported support and the v4 strict/minimal-core rules.,absent,absent,absent,strict rule: all field components required for present; minimal-core rule is exploratory sensitivity only,Model-supported support is not externally calibrated and no independent second human coder was used.,absent,absent,not_recovered,not_recovered,Not recovered,Not recovered,Retained-evidence recoverability state; not organizational presence or absence,AI-assisted semantic audit with author confirmation of changed and low-confidence decisions,54,CL071,not_recovered,not_recovered,retained-documentation recoverability under author-defined rules; not organizational practice,indeterminate_from_retained_bundle
V25R080,AIID054,AIID054,CL071,Predictive Policing Biases of PredPol,follow_up,Follow-up window,applicable,absent,absent,absent,absent,[],[],[],0,0,,,,,,,,Inherited v3 legacy field retained for one-to-one audit mapping; v4 interpretation uses model-supported support and the v4 strict/minimal-core rules.,absent,absent,absent,strict rule: all field components required for present; minimal-core rule is exploratory sensitivity only,Model-supported support is not externally calibrated and no independent second human coder was used.,absent,absent,not_recovered,not_recovered,Not recovered,Not recovered,Retained-evidence recoverability state; not organizational presence or absence,AI-assisted semantic audit with author confirmation of changed and low-confidence decisions,54,CL071,not_recovered,not_recovered,retained-documentation recoverability under author-defined rules; not organizational practice,indeterminate_from_retained_bundle
V25R080,AIID054,AIID054,CL071,Predictive Policing Biases of PredPol,closure,Closure basis,applicable,absent,absent,absent,absent,[],[],[],0,0,,,,,,,,Inherited v3 legacy field retained for one-to-one audit mapping; v4 interpretation uses model-supported support and the v4 strict/minimal-core rules.,absent,absent,absent,strict rule: all field components required for present; minimal-core rule is exploratory sensitivity only,Model-supported support is not externally calibrated and no independent second human coder was used.,absent,absent,not_recovered,not_recovered,Not recovered,Not recovered,Retained-evidence recoverability state; not organizational presence or absence,AI-assisted semantic audit with author confirmation of changed and low-confidence decisions,54,CL071,not_recovered,not_recovered,retained-documentation recoverability under author-defined rules; not organizational practice,indeterminate_from_retained_bundle
V25R081,OECD01,OECD01,CL072,Iranian Health Officials Warn of AI-Driven Digital Self-Medication Risks - OECD.AI,exposure,Exposure opportunity framework,applicable,absent,absent,absent,absent,[],[],[],0,0,,,,,,,,Inherited v3 legacy field retained for one-to-one audit mapping; v4 interpretation uses model-supported support and the v4 strict/minimal-core rules.,absent,absent,absent,strict rule: all field components required for present; minimal-core rule is exploratory sensitivity only,Model-supported support is not externally calibrated and no independent second human coder was used.,absent,absent,not_recovered,not_recovered,Not recovered,Not recovered,Retained-evidence recoverability state; not organizational presence or absence,AI-assisted semantic audit with author confirmation of changed and low-confidence decisions,2026-08-14-eb2b,CL072,not_recovered,not_recovered,retained-documentation recoverability under author-defined rules; not organizational practice,indeterminate_from_retained_bundle
V25R081,OECD01,OECD01,CL072,Iranian Health Officials Warn of AI-Driven Digital Self-Medication Risks - OECD.AI,follow_up,Follow-up window,applicable,absent,absent,absent,absent,[],[],[],0,0,,,,,,,,Inherited v3 legacy field retained for one-to-one audit mapping; v4 interpretation uses model-supported support and the v4 strict/minimal-core rules.,absent,absent,absent,strict rule: all field components required for present; minimal-core rule is exploratory sensitivity only,Model-supported support is not externally calibrated and no independent second human coder was used.,absent,absent,not_recovered,not_recovered,Not recovered,Not recovered,Retained-evidence recoverability state; not organizational presence or absence,AI-assisted semantic audit with author confirmation of changed and low-confidence decisions,2026-08-14-eb2b,CL072,not_recovered,not_recovered,retained-documentation recoverability under author-defined rules; not organizational practice,indeterminate_from_retained_bundle
V25R081,OECD01,OECD01,CL072,Iranian Health Officials Warn of AI-Driven Digital Self-Medication Risks - OECD.AI,closure,Closure basis,applicable,absent,absent,absent,absent,[],[],[],0,0,,,,,,,,Inherited v3 legacy field retained for one-to-one audit mapping; v4 interpretation uses model-supported support and the v4 strict/minimal-core rules.,absent,absent,absent,strict rule: all field components required for present; minimal-core rule is exploratory sensitivity only,Model-supported support is not externally calibrated and no independent second human coder was used.,absent,absent,not_recovered,not_recovered,Not recovered,Not recovered,Retained-evidence recoverability state; not organizational presence or absence,AI-assisted semantic audit with author confirmation of changed and low-confidence decisions,2026-08-14-eb2b,CL072,not_recovered,not_recovered,retained-documentation recoverability under author-defined rules; not organizational practice,indeterminate_from_retained_bundle
V25R082,OECD02,OECD02,CL073,AI-Generated Deepfake Video Targets Italian Political Leaders - OECD.AI,exposure,Exposure opportunity framework,applicable,absent,absent,absent,absent,[],[],[],0,0,,,,,,,,Inherited v3 legacy field retained for one-to-one audit mapping; v4 interpretation uses model-supported support and the v4 strict/minimal-core rules.,absent,absent,absent,strict rule: all field components required for present; minimal-core rule is exploratory sensitivity only,Model-supported support is not externally calibrated and no independent second human coder was used.,absent,absent,not_recovered,not_recovered,Not recovered,Not recovered,Retained-evidence recoverability state; not organizational presence or absence,AI-assisted semantic audit with author confirmation of changed and low-confidence decisions,2026-08-14-1d36,CL073,not_recovered,not_recovered,retained-documentation recoverability under author-defined rules; not organizational practice,indeterminate_from_retained_bundle
V25R082,OECD02,OECD02,CL073,AI-Generated Deepfake Video Targets Italian Political Leaders - OECD.AI,follow_up,Follow-up window,applicable,absent,absent,absent,absent,[],[],[],0,0,,,,,,,,Inherited v3 legacy field retained for one-to-one audit mapping; v4 interpretation uses model-supported support and the v4 strict/minimal-core rules.,absent,absent,absent,strict rule: all field components required for present; minimal-core rule is exploratory sensitivity only,Model-supported support is not externally calibrated and no independent second human coder was used.,absent,absent,not_recovered,not_recovered,Not recovered,Not recovered,Retained-evidence recoverability state; not organizational presence or absence,AI-assisted semantic audit with author confirmation of changed and low-confidence decisions,2026-08-14-1d36,CL073,not_recovered,not_recovered,retained-documentation recoverability under author-defined rules; not organizational practice,indeterminate_from_retained_bundle
V25R082,OECD02,OECD02,CL073,AI-Generated Deepfake Video Targets Italian Political Leaders - OECD.AI,closure,Closure basis,applicable,absent,absent,absent,absent,[],[],[],0,0,,,,,,,,Inherited v3 legacy field retained for one-to-one audit mapping; v4 interpretation uses model-supported support and the v4 strict/minimal-core rules.,absent,absent,absent,strict rule: all field components required for present; minimal-core rule is exploratory sensitivity only,Model-supported support is not externally calibrated and no independent second human coder was used.,absent,absent,not_recovered,not_recovered,Not recovered,Not recovered,Retained-evidence recoverability state; not organizational presence or absence,AI-assisted semantic audit with author confirmation of changed and low-confidence decisions,2026-08-14-1d36,CL073,not_recovered,not_recovered,retained-documentation recoverability under author-defined rules; not organizational practice,indeterminate_from_retained_bundle
V25R083,OECD03,OECD03,CL074,Anthropic Raises AI Misalignment and Cybersecurity Risk in Latest Model Report - OECD.AI,exposure,Exposure opportunity framework,applicable,absent,absent,absent,absent,[],[],[],0,0,,,,,,,,Inherited v3 legacy field retained for one-to-one audit mapping; v4 interpretation uses model-supported support and the v4 strict/minimal-core rules.,absent,absent,absent,strict rule: all field components required for present; minimal-core rule is exploratory sensitivity only,Model-supported support is not externally calibrated and no independent second human coder was used.,absent,absent,not_recovered,not_recovered,Not recovered,Not recovered,Retained-evidence recoverability state; not organizational presence or absence,AI-assisted semantic audit with author confirmation of changed and low-confidence decisions,2026-08-14-45a1,CL074,not_recovered,not_recovered,retained-documentation recoverability under author-defined rules; not organizational practice,indeterminate_from_retained_bundle
V25R083,OECD03,OECD03,CL074,Anthropic Raises AI Misalignment and Cybersecurity Risk in Latest Model Report - OECD.AI,follow_up,Follow-up window,applicable,absent,absent,absent,absent,[],[],[],0,0,,,,,,,,Inherited v3 legacy field retained for one-to-one audit mapping; v4 interpretation uses model-supported support and the v4 strict/minimal-core rules.,absent,absent,absent,strict rule: all field components required for present; minimal-core rule is exploratory sensitivity only,Model-supported support is not externally calibrated and no independent second human coder was used.,absent,absent,not_recovered,not_recovered,Not recovered,Not recovered,Retained-evidence recoverability state; not organizational presence or absence,AI-assisted semantic audit with author confirmation of changed and low-confidence decisions,2026-08-14-45a1,CL074,not_recovered,not_recovered,retained-documentation recoverability under author-defined rules; not organizational practice,indeterminate_from_retained_bundle
V25R083,OECD03,OECD03,CL074,Anthropic Raises AI Misalignment and Cybersecurity Risk in Latest Model Report - OECD.AI,closure,Closure basis,applicable,absent,absent,absent,absent,[],[],[],0,0,,,,,,,,Inherited v3 legacy field retained for one-to-one audit mapping; v4 interpretation uses model-supported support and the v4 strict/minimal-core rules.,absent,absent,absent,strict rule: all field components required for present; minimal-core rule is exploratory sensitivity only,Model-supported support is not externally calibrated and no independent second human coder was used.,absent,absent,not_recovered,not_recovered,Not recovered,Not recovered,Retained-evidence recoverability state; not organizational presence or absence,AI-assisted semantic audit with author confirmation of changed and low-confidence decisions,2026-08-14-45a1,CL074,not_recovered,not_recovered,retained-documentation recoverability under author-defined rules; not organizational practice,indeterminate_from_retained_bundle
V25R084,OECD04,OECD04,CL075,ChatGPT Alerts Authorities to Suspected Child Harm Plot in Brazil - OECD.AI,exposure,Exposure opportunity framework,applicable,absent,absent,absent,absent,[],[],[],0,0,,,,,,,,Inherited v3 legacy field retained for one-to-one audit mapping; v4 interpretation uses model-supported support and the v4 strict/minimal-core rules.,absent,absent,absent,strict rule: all field components required for present; minimal-core rule is exploratory sensitivity only,Model-supported support is not externally calibrated and no independent second human coder was used.,absent,absent,not_recovered,not_recovered,Not recovered,Not recovered,Retained-evidence recoverability state; not organizational presence or absence,AI-assisted semantic audit with author confirmation of changed and low-confidence decisions,2026-08-14-f29a,CL075,not_recovered,not_recovered,retained-documentation recoverability under author-defined rules; not organizational practice,indeterminate_from_retained_bundle
V25R084,OECD04,OECD04,CL075,ChatGPT Alerts Authorities to Suspected Child Harm Plot in Brazil - OECD.AI,follow_up,Follow-up window,applicable,absent,absent,absent,absent,[],[],[],0,0,,,,,,,,Inherited v3 legacy field retained for one-to-one audit mapping; v4 interpretation uses model-supported support and the v4 strict/minimal-core rules.,absent,absent,absent,strict rule: all field components required for present; minimal-core rule is exploratory sensitivity only,Model-supported support is not externally calibrated and no independent second human coder was used.,absent,absent,not_recovered,not_recovered,Not recovered,Not recovered,Retained-evidence recoverability state; not organizational presence or absence,AI-assisted semantic audit with author confirmation of changed and low-confidence decisions,2026-08-14-f29a,CL075,not_recovered,not_recovered,retained-documentation recoverability under author-defined rules; not organizational practice,indeterminate_from_retained_bundle
V25R084,OECD04,OECD04,CL075,ChatGPT Alerts Authorities to Suspected Child Harm Plot in Brazil - OECD.AI,closure,Closure basis,applicable,absent,absent,absent,absent,[],[],[],0,0,,,,,,,,Inherited v3 legacy field retained for one-to-one audit mapping; v4 interpretation uses model-supported support and the v4 strict/minimal-core rules.,absent,absent,absent,strict rule: all field components required for present; minimal-core rule is exploratory sensitivity only,Model-supported support is not externally calibrated and no independent second human coder was used.,absent,absent,not_recovered,not_recovered,Not recovered,Not recovered,Retained-evidence recoverability state; not organizational presence or absence,AI-assisted semantic audit with author confirmation of changed and low-confidence decisions,2026-08-14-f29a,CL075,not_recovered,not_recovered,retained-documentation recoverability under author-defined rules; not organizational practice,indeterminate_from_retained_bundle
V25R085,OECD05,OECD05,CL076,Facial Recognition at Madison Square Garden Sparks Privacy Backlash and Legislative Action - OECD.AI,exposure,Exposure opportunity framework,applicable,absent,absent,absent,absent,[],[],[],0,0,,,,,,,,Inherited v3 legacy field retained for one-to-one audit mapping; v4 interpretation uses model-supported support and the v4 strict/minimal-core rules.,absent,absent,absent,strict rule: all field components required for present; minimal-core rule is exploratory sensitivity only,Model-supported support is not externally calibrated and no independent second human coder was used.,absent,absent,not_recovered,not_recovered,Not recovered,Not recovered,Retained-evidence recoverability state; not organizational presence or absence,AI-assisted semantic audit with author confirmation of changed and low-confidence decisions,2026-08-14-196f,CL076,not_recovered,not_recovered,retained-documentation recoverability under author-defined rules; not organizational practice,indeterminate_from_retained_bundle
V25R085,OECD05,OECD05,CL076,Facial Recognition at Madison Square Garden Sparks Privacy Backlash and Legislative Action - OECD.AI,follow_up,Follow-up window,applicable,absent,absent,absent,absent,[],[],[],0,0,,,,,,,,Inherited v3 legacy field retained for one-to-one audit mapping; v4 interpretation uses model-supported support and the v4 strict/minimal-core rules.,absent,absent,absent,strict rule: all field components required for present; minimal-core rule is exploratory sensitivity only,Model-supported support is not externally calibrated and no independent second human coder was used.,absent,absent,not_recovered,not_recovered,Not recovered,Not recovered,Retained-evidence recoverability state; not organizational presence or absence,AI-assisted semantic audit with author confirmation of changed and low-confidence decisions,2026-08-14-196f,CL076,not_recovered,not_recovered,retained-documentation recoverability under author-defined rules; not organizational practice,indeterminate_from_retained_bundle
V25R085,OECD05,OECD05,CL076,Facial Recognition at Madison Square Garden Sparks Privacy Backlash and Legislative Action - OECD.AI,closure,Closure basis,applicable,absent,absent,absent,absent,[],[],[],0,0,,,,,,,,Inherited v3 legacy field retained for one-to-one audit mapping; v4 interpretation uses model-supported support and the v4 strict/minimal-core rules.,absent,absent,absent,strict rule: all field components required for present; minimal-core rule is exploratory sensitivity only,Model-supported support is not externally calibrated and no independent second human coder was used.,absent,absent,not_recovered,not_recovered,Not recovered,Not recovered,Retained-evidence recoverability state; not organizational presence or absence,AI-assisted semantic audit with author confirmation of changed and low-confidence decisions,2026-08-14-196f,CL076,not_recovered,not_recovered,retained-documentation recoverability under author-defined rules; not organizational practice,indeterminate_from_retained_bundle
V25R086,OECD06,OECD06,CL077,US AI Models Exhibit Censorship and Bias on Authoritarian Topics - OECD.AI,exposure,Exposure opportunity framework,applicable,absent,absent,absent,absent,[],[],[],0,0,,,,,,,,Inherited v3 legacy field retained for one-to-one audit mapping; v4 interpretation uses model-supported support and the v4 strict/minimal-core rules.,absent,absent,absent,strict rule: all field components required for present; minimal-core rule is exploratory sensitivity only,Model-supported support is not externally calibrated and no independent second human coder was used.,absent,absent,not_recovered,not_recovered,Not recovered,Not recovered,Retained-evidence recoverability state; not organizational presence or absence,AI-assisted semantic audit with author confirmation of changed and low-confidence decisions,2026-08-13-49e4,CL077,not_recovered,not_recovered,retained-documentation recoverability under author-defined rules; not organizational practice,indeterminate_from_retained_bundle
V25R086,OECD06,OECD06,CL077,US AI Models Exhibit Censorship and Bias on Authoritarian Topics - OECD.AI,follow_up,Follow-up window,applicable,absent,absent,absent,absent,[],[],[],0,0,,,,,,,,Inherited v3 legacy field retained for one-to-one audit mapping; v4 interpretation uses model-supported support and the v4 strict/minimal-core rules.,absent,absent,absent,strict rule: all field components required for present; minimal-core rule is exploratory sensitivity only,Model-supported support is not externally calibrated and no independent second human coder was used.,absent,absent,not_recovered,not_recovered,Not recovered,Not recovered,Retained-evidence recoverability state; not organizational presence or absence,AI-assisted semantic audit with author confirmation of changed and low-confidence decisions,2026-08-13-49e4,CL077,not_recovered,not_recovered,retained-documentation recoverability under author-defined rules; not organizational practice,indeterminate_from_retained_bundle
V25R086,OECD06,OECD06,CL077,US AI Models Exhibit Censorship and Bias on Authoritarian Topics - OECD.AI,closure,Closure basis,applicable,absent,absent,absent,absent,[],[],[],0,0,,,,,,,,Inherited v3 legacy field retained for one-to-one audit mapping; v4 interpretation uses model-supported support and the v4 strict/minimal-core rules.,absent,absent,absent,strict rule: all field components required for present; minimal-core rule is exploratory sensitivity only,Model-supported support is not externally calibrated and no independent second human coder was used.,absent,absent,not_recovered,not_recovered,Not recovered,Not recovered,Retained-evidence recoverability state; not organizational presence or absence,AI-assisted semantic audit with author confirmation of changed and low-confidence decisions,2026-08-13-49e4,CL077,not_recovered,not_recovered,retained-documentation recoverability under author-defined rules; not organizational practice,indeterminate_from_retained_bundle
V25R087,OECD07,OECD07,CL078,Indian Teen Uses AI-Generated Images to Fake Kidnapping for Ransom - OECD.AI,exposure,Exposure opportunity framework,applicable,absent,absent,absent,absent,[],[],[],0,0,,,,,,,,Inherited v3 legacy field retained for one-to-one audit mapping; v4 interpretation uses model-supported support and the v4 strict/minimal-core rules.,absent,absent,absent,strict rule: all field components required for present; minimal-core rule is exploratory sensitivity only,Model-supported support is not externally calibrated and no independent second human coder was used.,absent,absent,not_recovered,not_recovered,Not recovered,Not recovered,Retained-evidence recoverability state; not organizational presence or absence,AI-assisted semantic audit with author confirmation of changed and low-confidence decisions,2026-08-13-3c91,CL078,not_recovered,not_recovered,retained-documentation recoverability under author-defined rules; not organizational practice,indeterminate_from_retained_bundle
V25R087,OECD07,OECD07,CL078,Indian Teen Uses AI-Generated Images to Fake Kidnapping for Ransom - OECD.AI,follow_up,Follow-up window,applicable,absent,absent,absent,absent,[],[],[],0,0,,,,,,,,Inherited v3 legacy field retained for one-to-one audit mapping; v4 interpretation uses model-supported support and the v4 strict/minimal-core rules.,absent,absent,absent,strict rule: all field components required for present; minimal-core rule is exploratory sensitivity only,Model-supported support is not externally calibrated and no independent second human coder was used.,absent,absent,not_recovered,not_recovered,Not recovered,Not recovered,Retained-evidence recoverability state; not organizational presence or absence,AI-assisted semantic audit with author confirmation of changed and low-confidence decisions,2026-08-13-3c91,CL078,not_recovered,not_recovered,retained-documentation recoverability under author-defined rules; not organizational practice,indeterminate_from_retained_bundle
V25R087,OECD07,OECD07,CL078,Indian Teen Uses AI-Generated Images to Fake Kidnapping for Ransom - OECD.AI,closure,Closure basis,applicable,absent,absent,absent,absent,[],[],[],0,0,,,,,,,,Inherited v3 legacy field retained for one-to-one audit mapping; v4 interpretation uses model-supported support and the v4 strict/minimal-core rules.,absent,absent,absent,strict rule: all field components required for present; minimal-core rule is exploratory sensitivity only,Model-supported support is not externally calibrated and no independent second human coder was used.,absent,absent,not_recovered,not_recovered,Not recovered,Not recovered,Retained-evidence recoverability state; not organizational presence or absence,AI-assisted semantic audit with author confirmation of changed and low-confidence decisions,2026-08-13-3c91,CL078,not_recovered,not_recovered,retained-documentation recoverability under author-defined rules; not organizational practice,indeterminate_from_retained_bundle
V25R088,OECD08,OECD08,CL079,North Korean IT Workers Use AI for Fraudulent Remote Employment in US and UK - OECD.AI,exposure,Exposure opportunity framework,applicable,absent,absent,absent,absent,[],[],[],0,0,,,,,,,,Inherited v3 legacy field retained for one-to-one audit mapping; v4 interpretation uses model-supported support and the v4 strict/minimal-core rules.,absent,absent,absent,strict rule: all field components required for present; minimal-core rule is exploratory sensitivity only,Model-supported support is not externally calibrated and no independent second human coder was used.,absent,absent,not_recovered,not_recovered,Not recovered,Not recovered,Retained-evidence recoverability state; not organizational presence or absence,AI-assisted semantic audit with author confirmation of changed and low-confidence decisions,2026-08-13-a7c3,CL079,not_recovered,not_recovered,retained-documentation recoverability under author-defined rules; not organizational practice,indeterminate_from_retained_bundle
V25R088,OECD08,OECD08,CL079,North Korean IT Workers Use AI for Fraudulent Remote Employment in US and UK - OECD.AI,follow_up,Follow-up window,applicable,absent,absent,absent,absent,[],[],[],0,0,,,,,,,,Inherited v3 legacy field retained for one-to-one audit mapping; v4 interpretation uses model-supported support and the v4 strict/minimal-core rules.,absent,absent,absent,strict rule: all field components required for present; minimal-core rule is exploratory sensitivity only,Model-supported support is not externally calibrated and no independent second human coder was used.,absent,absent,not_recovered,not_recovered,Not recovered,Not recovered,Retained-evidence recoverability state; not organizational presence or absence,AI-assisted semantic audit with author confirmation of changed and low-confidence decisions,2026-08-13-a7c3,CL079,not_recovered,not_recovered,retained-documentation recoverability under author-defined rules; not organizational practice,indeterminate_from_retained_bundle
V25R088,OECD08,OECD08,CL079,North Korean IT Workers Use AI for Fraudulent Remote Employment in US and UK - OECD.AI,closure,Closure basis,applicable,absent,absent,absent,absent,[],[],[],0,0,,,,,,,,Inherited v3 legacy field retained for one-to-one audit mapping; v4 interpretation uses model-supported support and the v4 strict/minimal-core rules.,absent,absent,absent,strict rule: all field components required for present; minimal-core rule is exploratory sensitivity only,Model-supported support is not externally calibrated and no independent second human coder was used.,absent,absent,not_recovered,not_recovered,Not recovered,Not recovered,Retained-evidence recoverability state; not organizational presence or absence,AI-assisted semantic audit with author confirmation of changed and low-confidence decisions,2026-08-13-a7c3,CL079,not_recovered,not_recovered,retained-documentation recoverability under author-defined rules; not organizational practice,indeterminate_from_retained_bundle
V25R089,OECD09,OECD09,CL080,Plaintiff Sanctioned for Attempted AI Prompt Injection in Connecticut Court - OECD.AI,exposure,Exposure opportunity framework,applicable,absent,absent,absent,absent,[],[],[],0,0,,,,,,,,Inherited v3 legacy field retained for one-to-one audit mapping; v4 interpretation uses model-supported support and the v4 strict/minimal-core rules.,absent,absent,absent,strict rule: all field components required for present; minimal-core rule is exploratory sensitivity only,Model-supported support is not externally calibrated and no independent second human coder was used.,absent,absent,not_recovered,not_recovered,Not recovered,Not recovered,Retained-evidence recoverability state; not organizational presence or absence,AI-assisted semantic audit with author confirmation of changed and low-confidence decisions,2026-08-13-e481,CL080,not_recovered,not_recovered,retained-documentation recoverability under author-defined rules; not organizational practice,indeterminate_from_retained_bundle
V25R089,OECD09,OECD09,CL080,Plaintiff Sanctioned for Attempted AI Prompt Injection in Connecticut Court - OECD.AI,follow_up,Follow-up window,applicable,absent,absent,absent,absent,[],[],[],0,0,,,,,,,,Inherited v3 legacy field retained for one-to-one audit mapping; v4 interpretation uses model-supported support and the v4 strict/minimal-core rules.,absent,absent,absent,strict rule: all field components required for present; minimal-core rule is exploratory sensitivity only,Model-supported support is not externally calibrated and no independent second human coder was used.,absent,absent,not_recovered,not_recovered,Not recovered,Not recovered,Retained-evidence recoverability state; not organizational presence or absence,AI-assisted semantic audit with author confirmation of changed and low-confidence decisions,2026-08-13-e481,CL080,not_recovered,not_recovered,retained-documentation recoverability under author-defined rules; not organizational practice,indeterminate_from_retained_bundle
V25R089,OECD09,OECD09,CL080,Plaintiff Sanctioned for Attempted AI Prompt Injection in Connecticut Court - OECD.AI,closure,Closure basis,applicable,absent,absent,absent,absent,[],[],[],0,0,,,,,,,,Inherited v3 legacy field retained for one-to-one audit mapping; v4 interpretation uses model-supported support and the v4 strict/minimal-core rules.,absent,absent,absent,strict rule: all field components required for present; minimal-core rule is exploratory sensitivity only,Model-supported support is not externally calibrated and no independent second human coder was used.,absent,absent,not_recovered,not_recovered,Not recovered,Not recovered,Retained-evidence recoverability state; not organizational presence or absence,AI-assisted semantic audit with author confirmation of changed and low-confidence decisions,2026-08-13-e481,CL080,not_recovered,not_recovered,retained-documentation recoverability under author-defined rules; not organizational practice,indeterminate_from_retained_bundle
V25R090,OECD10,OECD10,CL081,Uber and Hinomaru Kotsu Partner for Tokyo Robotaxi Pilot Using AI Technology - OECD.AI,exposure,Exposure opportunity framework,unclear,unclear,unclear,unclear,unclear,[],[],[],0,0,,,,,,,,Inherited v3 legacy field retained for one-to-one audit mapping; v4 interpretation uses model-supported support and the v4 strict/minimal-core rules.,unclear,unclear,unclear,strict rule: all field components required for present; minimal-core rule is exploratory sensitivity only,Model-supported support is not externally calibrated and no independent second human coder was used.,unclear,unclear,unclear,unclear,Unclear,Unclear,Retained-evidence recoverability state; not organizational presence or absence,AI-assisted semantic audit with author confirmation of changed and low-confidence decisions,2026-08-13-9fdb,CL081,unclear,unclear,retained-documentation recoverability under author-defined rules; not organizational practice,
V25R090,OECD10,OECD10,CL081,Uber and Hinomaru Kotsu Partner for Tokyo Robotaxi Pilot Using AI Technology - OECD.AI,follow_up,Follow-up window,unclear,unclear,unclear,unclear,unclear,[],[],[],0,0,,,,,,,,Inherited v3 legacy field retained for one-to-one audit mapping; v4 interpretation uses model-supported support and the v4 strict/minimal-core rules.,unclear,unclear,unclear,strict rule: all field components required for present; minimal-core rule is exploratory sensitivity only,Model-supported support is not externally calibrated and no independent second human coder was used.,unclear,unclear,unclear,unclear,Unclear,Unclear,Retained-evidence recoverability state; not organizational presence or absence,AI-assisted semantic audit with author confirmation of changed and low-confidence decisions,2026-08-13-9fdb,CL081,unclear,unclear,retained-documentation recoverability under author-defined rules; not organizational practice,
V25R090,OECD10,OECD10,CL081,Uber and Hinomaru Kotsu Partner for Tokyo Robotaxi Pilot Using AI Technology - OECD.AI,closure,Closure basis,unclear,unclear,unclear,unclear,unclear,[],[],[],0,0,,,,,,,,Inherited v3 legacy field retained for one-to-one audit mapping; v4 interpretation uses model-supported support and the v4 strict/minimal-core rules.,unclear,unclear,unclear,strict rule: all field components required for present; minimal-core rule is exploratory sensitivity only,Model-supported support is not externally calibrated and no independent second human coder was used.,unclear,unclear,unclear,unclear,Unclear,Unclear,Retained-evidence recoverability state; not organizational presence or absence,AI-assisted semantic audit with author confirmation of changed and low-confidence decisions,2026-08-13-9fdb,CL081,unclear,unclear,retained-documentation recoverability under author-defined rules; not organizational practice,
V25R091,DIR01,DIR01,CL082,"Collision Between Vehicle Controlled by Developmental Automated Driving System and Pedestrian Tempe, Arizona March 18, 2018 Accident Report NTSB/HAR-19/03 PB2019-101402 National Transportation Safety Board NTSB/HAR-19/03 PB2019-101402 Notation 59392 Adopted November 19, 2019 Highway Accident Report ",exposure,Exposure opportunity framework,applicable,partial,partial,partial,partial,"['unit', 'eligibility', 'time_origin']","['unit', 'eligibility', 'time_origin']",[],3,3,,,,,,,,Inherited v3 legacy field retained for one-to-one audit mapping; v4 interpretation uses model-supported support and the v4 strict/minimal-core rules.,partial,partial,present,strict rule: all field components required for present; minimal-core rule is exploratory sensitivity only,Model-supported support is not externally calibrated and no independent second human coder was used.,partial,partial,partial_support,partial_support,Partial support,Partial support,Retained-evidence recoverability state; not organizational presence or absence,AI-assisted semantic audit with author confirmation of changed and low-confidence decisions,[URL-REMOVED],CL082,partial_support,partial_support,retained-documentation recoverability under author-defined rules; not organizational practice,
V25R091,DIR01,DIR01,CL082,"Collision Between Vehicle Controlled by Developmental Automated Driving System and Pedestrian Tempe, Arizona March 18, 2018 Accident Report NTSB/HAR-19/03 PB2019-101402 National Transportation Safety Board NTSB/HAR-19/03 PB2019-101402 Notation 59392 Adopted November 19, 2019 Highway Accident Report ",follow_up,Follow-up window,applicable,partial,partial,partial,partial,"['exposure_qualified_observation', 'owner']","['calendar_interval', 'exposure_qualified_observation', 'owner']",['calendar_interval'],2,3,,,,,,,,Inherited v3 legacy field retained for one-to-one audit mapping; v4 interpretation uses model-supported support and the v4 strict/minimal-core rules.,partial,partial,partial,strict rule: all field components required for present; minimal-core rule is exploratory sensitivity only,Model-supported support is not externally calibrated and no independent second human coder was used.,partial,partial,partial_support,partial_support,Partial support,Partial support,Retained-evidence recoverability state; not organizational presence or absence,AI-assisted semantic audit with author confirmation of changed and low-confidence decisions,[URL-REMOVED],CL082,partial_support,partial_support,retained-documentation recoverability under author-defined rules; not organizational practice,
V25R091,DIR01,DIR01,CL082,"Collision Between Vehicle Controlled by Developmental Automated Driving System and Pedestrian Tempe, Arizona March 18, 2018 Accident Report NTSB/HAR-19/03 PB2019-101402 National Transportation Safety Board NTSB/HAR-19/03 PB2019-101402 Notation 59392 Adopted November 19, 2019 Highway Accident Report ",closure,Closure basis,applicable,partial,partial,partial,partial,"['scope', 'date', 'owner']","['scope', 'date', 'owner']",[],3,3,,,,,,,,Inherited v3 legacy field retained for one-to-one audit mapping; v4 interpretation uses model-supported support and the v4 strict/minimal-core rules.,partial,partial,partial,strict rule: all field components required for present; minimal-core rule is exploratory sensitivity only,Model-supported support is not externally calibrated and no independent second human coder was used.,partial,partial,partial_support,partial_support,Partial support,Partial support,Retained-evidence recoverability state; not organizational presence or absence,AI-assisted semantic audit with author confirmation of changed and low-confidence decisions,[URL-REMOVED],CL082,partial_support,partial_support,retained-documentation recoverability under author-defined rules; not organizational practice,
V25R092,DIR02,DIR02,CL083,"Collision Between a Sport Utility Vehicle Operating With Partial Driving Automation and a Crash Attenuator Mountain View, California March 23, 2018 Accident Report NTSB/HAR-20/01 PB2020-100112 National Transportation Safety Board NTSB/HAR-20/01 PB2020-100112 Notation 59775 Adopted February 25, 2020 ",exposure,Exposure opportunity framework,applicable,partial,partial,partial,partial,"['unit', 'eligibility']","['unit', 'eligibility']",[],2,2,,,,,,,,Inherited v3 legacy field retained for one-to-one audit mapping; v4 interpretation uses model-supported support and the v4 strict/minimal-core rules.,partial,partial,present,strict rule: all field components required for present; minimal-core rule is exploratory sensitivity only,Model-supported support is not externally calibrated and no independent second human coder was used.,partial,partial,partial_support,partial_support,Partial support,Partial support,Retained-evidence recoverability state; not organizational presence or absence,AI-assisted semantic audit with author confirmation of changed and low-confidence decisions,[URL-REMOVED],CL083,partial_support,partial_support,retained-documentation recoverability under author-defined rules; not organizational practice,
V25R092,DIR02,DIR02,CL083,"Collision Between a Sport Utility Vehicle Operating With Partial Driving Automation and a Crash Attenuator Mountain View, California March 23, 2018 Accident Report NTSB/HAR-20/01 PB2020-100112 National Transportation Safety Board NTSB/HAR-20/01 PB2020-100112 Notation 59775 Adopted February 25, 2020 ",follow_up,Follow-up window,applicable,partial,partial,partial,partial,['owner'],"['calendar_interval', 'owner']",['calendar_interval'],1,2,,,,,,,,Inherited v3 legacy field retained for one-to-one audit mapping; v4 interpretation uses model-supported support and the v4 strict/minimal-core rules.,partial,partial,absent,strict rule: all field components required for present; minimal-core rule is exploratory sensitivity only,Model-supported support is not externally calibrated and no independent second human coder was used.,partial,partial,partial_support,partial_support,Partial support,Partial support,Retained-evidence recoverability state; not organizational presence or absence,AI-assisted semantic audit with author confirmation of changed and low-confidence decisions,[URL-REMOVED],CL083,partial_support,partial_support,retained-documentation recoverability under author-defined rules; not organizational practice,
V25R092,DIR02,DIR02,CL083,"Collision Between a Sport Utility Vehicle Operating With Partial Driving Automation and a Crash Attenuator Mountain View, California March 23, 2018 Accident Report NTSB/HAR-20/01 PB2020-100112 National Transportation Safety Board NTSB/HAR-20/01 PB2020-100112 Notation 59775 Adopted February 25, 2020 ",closure,Closure basis,applicable,partial,partial,partial,partial,"['scope', 'date', 'owner']","['scope', 'date', 'owner']",[],3,3,,,,,,,,Inherited v3 legacy field retained for one-to-one audit mapping; v4 interpretation uses model-supported support and the v4 strict/minimal-core rules.,partial,partial,partial,strict rule: all field components required for present; minimal-core rule is exploratory sensitivity only,Model-supported support is not externally calibrated and no independent second human coder was used.,partial,partial,partial_support,partial_support,Partial support,Partial support,Retained-evidence recoverability state; not organizational presence or absence,AI-assisted semantic audit with author confirmation of changed and low-confidence decisions,[URL-REMOVED],CL083,partial_support,partial_support,retained-documentation recoverability under author-defined rules; not organizational practice,
V25R093,DIR03,DIR03,CL084,ICO orders Serco Leisure to stop using facial recognition technology to monitor attendance of leisure centre employees | ICO,exposure,Exposure opportunity framework,applicable,partial,partial,partial,partial,"['unit', 'eligibility', 'coverage']","['unit', 'eligibility', 'coverage']",[],3,3,,,,,,,,Inherited v3 legacy field retained for one-to-one audit mapping; v4 interpretation uses model-supported support and the v4 strict/minimal-core rules.,partial,partial,present,strict rule: all field components required for present; minimal-core rule is exploratory sensitivity only,Model-supported support is not externally calibrated and no independent second human coder was used.,partial,partial,partial_support,partial_support,Partial support,Partial support,Retained-evidence recoverability state; not organizational presence or absence,AI-assisted semantic audit with author confirmation of changed and low-confidence decisions,[URL-REMOVED],CL084,partial_support,partial_support,retained-documentation recoverability under author-defined rules; not organizational practice,
V25R093,DIR03,DIR03,CL084,ICO orders Serco Leisure to stop using facial recognition technology to monitor attendance of leisure centre employees | ICO,follow_up,Follow-up window,applicable,absent,absent,absent,absent,[],[],[],0,0,,,,,,,,Inherited v3 legacy field retained for one-to-one audit mapping; v4 interpretation uses model-supported support and the v4 strict/minimal-core rules.,absent,absent,absent,strict rule: all field components required for present; minimal-core rule is exploratory sensitivity only,Model-supported support is not externally calibrated and no independent second human coder was used.,absent,absent,not_recovered,not_recovered,Not recovered,Not recovered,Retained-evidence recoverability state; not organizational presence or absence,AI-assisted semantic audit with author confirmation of changed and low-confidence decisions,[URL-REMOVED],CL084,not_recovered,not_recovered,retained-documentation recoverability under author-defined rules; not organizational practice,indeterminate_from_retained_bundle
V25R093,DIR03,DIR03,CL084,ICO orders Serco Leisure to stop using facial recognition technology to monitor attendance of leisure centre employees | ICO,closure,Closure basis,applicable,partial,partial,partial,partial,"['scope', 'evidence_basis', 'owner']","['scope', 'evidence_basis', 'owner']",[],3,3,,,,,,,,Inherited v3 legacy field retained for one-to-one audit mapping; v4 interpretation uses model-supported support and the v4 strict/minimal-core rules.,partial,partial,present,strict rule: all field components required for present; minimal-core rule is exploratory sensitivity only,Model-supported support is not externally calibrated and no independent second human coder was used.,partial,partial,partial_support,partial_support,Partial support,Partial support,Retained-evidence recoverability state; not organizational presence or absence,AI-assisted semantic audit with author confirmation of changed and low-confidence decisions,[URL-REMOVED],CL084,partial_support,partial_support,retained-documentation recoverability under author-defined rules; not organizational practice,
V25R094,DIR04,DIR04,CL085,Essex school reprimanded after using facial recognition technology for canteen payments | ICO,exposure,Exposure opportunity framework,applicable,partial,partial,partial,partial,"['unit', 'eligibility', 'time_origin']","['unit', 'eligibility', 'time_origin']",[],3,3,,,,,,,,Inherited v3 legacy field retained for one-to-one audit mapping; v4 interpretation uses model-supported support and the v4 strict/minimal-core rules.,partial,partial,present,strict rule: all field components required for present; minimal-core rule is exploratory sensitivity only,Model-supported support is not externally calibrated and no independent second human coder was used.,partial,partial,partial_support,partial_support,Partial support,Partial support,Retained-evidence recoverability state; not organizational presence or absence,AI-assisted semantic audit with author confirmation of changed and low-confidence decisions,[URL-REMOVED],CL085,partial_support,partial_support,retained-documentation recoverability under author-defined rules; not organizational practice,
V25R094,DIR04,DIR04,CL085,Essex school reprimanded after using facial recognition technology for canteen payments | ICO,follow_up,Follow-up window,applicable,absent,absent,absent,absent,[],[],[],0,0,,,,,,,,Inherited v3 legacy field retained for one-to-one audit mapping; v4 interpretation uses model-supported support and the v4 strict/minimal-core rules.,absent,absent,absent,strict rule: all field components required for present; minimal-core rule is exploratory sensitivity only,Model-supported support is not externally calibrated and no independent second human coder was used.,absent,absent,not_recovered,not_recovered,Not recovered,Not recovered,Retained-evidence recoverability state; not organizational presence or absence,AI-assisted semantic audit with author confirmation of changed and low-confidence decisions,[URL-REMOVED],CL085,not_recovered,not_recovered,retained-documentation recoverability under author-defined rules; not organizational practice,indeterminate_from_retained_bundle
V25R094,DIR04,DIR04,CL085,Essex school reprimanded after using facial recognition technology for canteen payments | ICO,closure,Closure basis,applicable,partial,partial,partial,partial,"['scope', 'evidence_basis', 'owner']","['scope', 'evidence_basis', 'owner']",[],3,3,,,,,,,,Inherited v3 legacy field retained for one-to-one audit mapping; v4 interpretation uses model-supported support and the v4 strict/minimal-core rules.,partial,partial,present,strict rule: all field components required for present; minimal-core rule is exploratory sensitivity only,Model-supported support is not externally calibrated and no independent second human coder was used.,partial,partial,partial_support,partial_support,Partial support,Partial support,Retained-evidence recoverability state; not organizational presence or absence,AI-assisted semantic audit with author confirmation of changed and low-confidence decisions,[URL-REMOVED],CL085,partial_support,partial_support,retained-documentation recoverability under author-defined rules; not organizational practice,
V25R095,DIR05,DIR05,CL086,We warn organisations must not ignore data protection risks as we conclude Snap ‘My AI’ chatbot investigation | ICO,exposure,Exposure opportunity framework,applicable,present,present,present,present,"['unit', 'eligibility', 'time_origin', 'coverage']","['unit', 'eligibility', 'time_origin', 'coverage']",[],4,4,,,,,,,,Inherited v3 legacy field retained for one-to-one audit mapping; v4 interpretation uses model-supported support and the v4 strict/minimal-core rules.,present,present,present,strict rule: all field components required for present; minimal-core rule is exploratory sensitivity only,Model-supported support is not externally calibrated and no independent second human coder was used.,present,present,complete_support,complete_support,Complete support,Complete support,Retained-evidence recoverability state; not organizational presence or absence,AI-assisted semantic audit with author confirmation of changed and low-confidence decisions,[URL-REMOVED],CL086,complete_support,complete_support,retained-documentation recoverability under author-defined rules; not organizational practice,
V25R095,DIR05,DIR05,CL086,We warn organisations must not ignore data protection risks as we conclude Snap ‘My AI’ chatbot investigation | ICO,follow_up,Follow-up window,applicable,partial,partial,partial,partial,"['calendar_interval', 'owner']","['calendar_interval', 'owner']",[],2,2,,,,,,,,Inherited v3 legacy field retained for one-to-one audit mapping; v4 interpretation uses model-supported support and the v4 strict/minimal-core rules.,partial,partial,partial,strict rule: all field components required for present; minimal-core rule is exploratory sensitivity only,Model-supported support is not externally calibrated and no independent second human coder was used.,partial,partial,partial_support,partial_support,Partial support,Partial support,Retained-evidence recoverability state; not organizational presence or absence,AI-assisted semantic audit with author confirmation of changed and low-confidence decisions,[URL-REMOVED],CL086,partial_support,partial_support,retained-documentation recoverability under author-defined rules; not organizational practice,
V25R095,DIR05,DIR05,CL086,We warn organisations must not ignore data protection risks as we conclude Snap ‘My AI’ chatbot investigation | ICO,closure,Closure basis,applicable,partial,partial,partial,partial,"['scope', 'owner']","['scope', 'owner']",[],2,2,,,,,,,,Inherited v3 legacy field retained for one-to-one audit mapping; v4 interpretation uses model-supported support and the v4 strict/minimal-core rules.,partial,partial,partial,strict rule: all field components required for present; minimal-core rule is exploratory sensitivity only,Model-supported support is not externally calibrated and no independent second human coder was used.,partial,partial,partial_support,partial_support,Partial support,Partial support,Retained-evidence recoverability state; not organizational presence or absence,AI-assisted semantic audit with author confirmation of changed and low-confidence decisions,[URL-REMOVED],CL086,partial_support,partial_support,retained-documentation recoverability under author-defined rules; not organizational practice,
V25R096,DIR06,DIR06,CL087,ICO intervention into AI recruitment tools leads to better data protection for job seekers | ICO,exposure,Exposure opportunity framework,applicable,partial,partial,partial,partial,['unit'],['unit'],[],1,1,,,,,,,,Inherited v3 legacy field retained for one-to-one audit mapping; v4 interpretation uses model-supported support and the v4 strict/minimal-core rules.,partial,partial,partial,strict rule: all field components required for present; minimal-core rule is exploratory sensitivity only,Model-supported support is not externally calibrated and no independent second human coder was used.,partial,partial,partial_support,partial_support,Partial support,Partial support,Retained-evidence recoverability state; not organizational presence or absence,AI-assisted semantic audit with author confirmation of changed and low-confidence decisions,[URL-REMOVED],CL087,partial_support,partial_support,retained-documentation recoverability under author-defined rules; not organizational practice,
V25R096,DIR06,DIR06,CL087,ICO intervention into AI recruitment tools leads to better data protection for job seekers | ICO,follow_up,Follow-up window,applicable,partial,partial,partial,partial,"['exposure_qualified_observation', 'owner']","['exposure_qualified_observation', 'owner']",[],2,2,,,,,,,,Inherited v3 legacy field retained for one-to-one audit mapping; v4 interpretation uses model-supported support and the v4 strict/minimal-core rules.,partial,partial,partial,strict rule: all field components required for present; minimal-core rule is exploratory sensitivity only,Model-supported support is not externally calibrated and no independent second human coder was used.,partial,partial,partial_support,partial_support,Partial support,Partial support,Retained-evidence recoverability state; not organizational presence or absence,AI-assisted semantic audit with author confirmation of changed and low-confidence decisions,[URL-REMOVED],CL087,partial_support,partial_support,retained-documentation recoverability under author-defined rules; not organizational practice,
V25R096,DIR06,DIR06,CL087,ICO intervention into AI recruitment tools leads to better data protection for job seekers | ICO,closure,Closure basis,applicable,absent,absent,absent,absent,[],[],[],0,0,,,,,,,,Inherited v3 legacy field retained for one-to-one audit mapping; v4 interpretation uses model-supported support and the v4 strict/minimal-core rules.,absent,absent,absent,strict rule: all field components required for present; minimal-core rule is exploratory sensitivity only,Model-supported support is not externally calibrated and no independent second human coder was used.,absent,absent,not_recovered,not_recovered,Not recovered,Not recovered,Retained-evidence recoverability state; not organizational presence or absence,AI-assisted semantic audit with author confirmation of changed and low-confidence decisions,[URL-REMOVED],CL087,not_recovered,not_recovered,retained-documentation recoverability under author-defined rules; not organizational practice,indeterminate_from_retained_bundle
V25R097,DIR07,DIR07,CL088,UK Upper Tribunal hands down judgment on Clearview AI Inc | ICO,exposure,Exposure opportunity framework,applicable,partial,partial,partial,partial,"['unit', 'eligibility']","['unit', 'eligibility']",[],2,2,,,,,,,,Inherited v3 legacy field retained for one-to-one audit mapping; v4 interpretation uses model-supported support and the v4 strict/minimal-core rules.,partial,partial,present,strict rule: all field components required for present; minimal-core rule is exploratory sensitivity only,Model-supported support is not externally calibrated and no independent second human coder was used.,partial,partial,partial_support,partial_support,Partial support,Partial support,Retained-evidence recoverability state; not organizational presence or absence,AI-assisted semantic audit with author confirmation of changed and low-confidence decisions,[URL-REMOVED],CL088,partial_support,partial_support,retained-documentation recoverability under author-defined rules; not organizational practice,
V25R097,DIR07,DIR07,CL088,UK Upper Tribunal hands down judgment on Clearview AI Inc | ICO,follow_up,Follow-up window,applicable,partial,partial,partial,partial,"['calendar_interval', 'exposure_qualified_observation', 'owner']","['calendar_interval', 'exposure_qualified_observation', 'owner']",[],3,3,,,,,,,,Inherited v3 legacy field retained for one-to-one audit mapping; v4 interpretation uses model-supported support and the v4 strict/minimal-core rules.,partial,partial,present,strict rule: all field components required for present; minimal-core rule is exploratory sensitivity only,Model-supported support is not externally calibrated and no independent second human coder was used.,partial,partial,partial_support,partial_support,Partial support,Partial support,Retained-evidence recoverability state; not organizational presence or absence,AI-assisted semantic audit with author confirmation of changed and low-confidence decisions,[URL-REMOVED],CL088,partial_support,partial_support,retained-documentation recoverability under author-defined rules; not organizational practice,
V25R097,DIR07,DIR07,CL088,UK Upper Tribunal hands down judgment on Clearview AI Inc | ICO,closure,Closure basis,applicable,partial,partial,partial,partial,"['scope', 'owner', 'uncertainty']","['scope', 'owner', 'uncertainty']",[],3,3,,,,,,,,Inherited v3 legacy field retained for one-to-one audit mapping; v4 interpretation uses model-supported support and the v4 strict/minimal-core rules.,partial,partial,partial,strict rule: all field components required for present; minimal-core rule is exploratory sensitivity only,Model-supported support is not externally calibrated and no independent second human coder was used.,partial,partial,partial_support,partial_support,Partial support,Partial support,Retained-evidence recoverability state; not organizational presence or absence,AI-assisted semantic audit with author confirmation of changed and low-confidence decisions,[URL-REMOVED],CL088,partial_support,partial_support,retained-documentation recoverability under author-defined rules; not organizational practice,
V25R098,DIR08,DIR08,CL089,ICO steps up scrutiny of police use of facial recognition technology with audit of South Wales Police and Gwent Police | ICO,exposure,Exposure opportunity framework,applicable,partial,partial,partial,partial,"['unit', 'eligibility']","['unit', 'eligibility']",[],2,2,,,,,,,,Inherited v3 legacy field retained for one-to-one audit mapping; v4 interpretation uses model-supported support and the v4 strict/minimal-core rules.,partial,partial,present,strict rule: all field components required for present; minimal-core rule is exploratory sensitivity only,Model-supported support is not externally calibrated and no independent second human coder was used.,partial,partial,partial_support,partial_support,Partial support,Partial support,Retained-evidence recoverability state; not organizational presence or absence,AI-assisted semantic audit with author confirmation of changed and low-confidence decisions,[URL-REMOVED],CL089,partial_support,partial_support,retained-documentation recoverability under author-defined rules; not organizational practice,
V25R098,DIR08,DIR08,CL089,ICO steps up scrutiny of police use of facial recognition technology with audit of South Wales Police and Gwent Police | ICO,follow_up,Follow-up window,applicable,partial,partial,partial,partial,['owner'],['owner'],[],1,1,,,,,,,,Inherited v3 legacy field retained for one-to-one audit mapping; v4 interpretation uses model-supported support and the v4 strict/minimal-core rules.,partial,partial,absent,strict rule: all field components required for present; minimal-core rule is exploratory sensitivity only,Model-supported support is not externally calibrated and no independent second human coder was used.,partial,partial,partial_support,partial_support,Partial support,Partial support,Retained-evidence recoverability state; not organizational presence or absence,AI-assisted semantic audit with author confirmation of changed and low-confidence decisions,[URL-REMOVED],CL089,partial_support,partial_support,retained-documentation recoverability under author-defined rules; not organizational practice,
V25R098,DIR08,DIR08,CL089,ICO steps up scrutiny of police use of facial recognition technology with audit of South Wales Police and Gwent Police | ICO,closure,Closure basis,applicable,absent,absent,absent,absent,[],[],[],0,0,,,,,,,,Inherited v3 legacy field retained for one-to-one audit mapping; v4 interpretation uses model-supported support and the v4 strict/minimal-core rules.,absent,absent,absent,strict rule: all field components required for present; minimal-core rule is exploratory sensitivity only,Model-supported support is not externally calibrated and no independent second human coder was used.,absent,absent,not_recovered,not_recovered,Not recovered,Not recovered,Retained-evidence recoverability state; not organizational presence or absence,AI-assisted semantic audit with author confirmation of changed and low-confidence decisions,[URL-REMOVED],CL089,not_recovered,not_recovered,retained-documentation recoverability under author-defined rules; not organizational practice,indeterminate_from_retained_bundle
V25R099,DIR09,DIR09,CL090,ICO statement in response to Meta's announcement on user data to train AI | ICO,exposure,Exposure opportunity framework,applicable,partial,partial,partial,partial,"['unit', 'eligibility']","['unit', 'eligibility']",[],2,2,,,,,,,,Inherited v3 legacy field retained for one-to-one audit mapping; v4 interpretation uses model-supported support and the v4 strict/minimal-core rules.,partial,partial,present,strict rule: all field components required for present; minimal-core rule is exploratory sensitivity only,Model-supported support is not externally calibrated and no independent second human coder was used.,partial,partial,partial_support,partial_support,Partial support,Partial support,Retained-evidence recoverability state; not organizational presence or absence,AI-assisted semantic audit with author confirmation of changed and low-confidence decisions,[URL-REMOVED],CL090,partial_support,partial_support,retained-documentation recoverability under author-defined rules; not organizational practice,
V25R099,DIR09,DIR09,CL090,ICO statement in response to Meta's announcement on user data to train AI | ICO,follow_up,Follow-up window,applicable,partial,partial,partial,partial,['owner'],['owner'],[],1,1,,,,,,,,Inherited v3 legacy field retained for one-to-one audit mapping; v4 interpretation uses model-supported support and the v4 strict/minimal-core rules.,partial,partial,absent,strict rule: all field components required for present; minimal-core rule is exploratory sensitivity only,Model-supported support is not externally calibrated and no independent second human coder was used.,partial,partial,partial_support,partial_support,Partial support,Partial support,Retained-evidence recoverability state; not organizational presence or absence,AI-assisted semantic audit with author confirmation of changed and low-confidence decisions,[URL-REMOVED],CL090,partial_support,partial_support,retained-documentation recoverability under author-defined rules; not organizational practice,
V25R099,DIR09,DIR09,CL090,ICO statement in response to Meta's announcement on user data to train AI | ICO,closure,Closure basis,applicable,absent,absent,absent,absent,[],[],[],0,0,,,,,,,,Inherited v3 legacy field retained for one-to-one audit mapping; v4 interpretation uses model-supported support and the v4 strict/minimal-core rules.,absent,absent,absent,strict rule: all field components required for present; minimal-core rule is exploratory sensitivity only,Model-supported support is not externally calibrated and no independent second human coder was used.,absent,absent,not_recovered,not_recovered,Not recovered,Not recovered,Retained-evidence recoverability state; not organizational presence or absence,AI-assisted semantic audit with author confirmation of changed and low-confidence decisions,[URL-REMOVED],CL090,not_recovered,not_recovered,retained-documentation recoverability under author-defined rules; not organizational practice,indeterminate_from_retained_bundle
V25R100,DIR10,DIR10,CL091,International Data Protection Authorities issue joint statement on privacy risks of AI-generated imagery | ICO,exposure,Exposure opportunity framework,unclear,unclear,unclear,unclear,unclear,[],[],[],0,0,,,,,,,,Inherited v3 legacy field retained for one-to-one audit mapping; v4 interpretation uses model-supported support and the v4 strict/minimal-core rules.,unclear,unclear,unclear,strict rule: all field components required for present; minimal-core rule is exploratory sensitivity only,Model-supported support is not externally calibrated and no independent second human coder was used.,unclear,unclear,unclear,unclear,Unclear,Unclear,Retained-evidence recoverability state; not organizational presence or absence,AI-assisted semantic audit with author confirmation of changed and low-confidence decisions,[URL-REMOVED],CL091,unclear,unclear,retained-documentation recoverability under author-defined rules; not organizational practice,
V25R100,DIR10,DIR10,CL091,International Data Protection Authorities issue joint statement on privacy risks of AI-generated imagery | ICO,follow_up,Follow-up window,unclear,unclear,unclear,unclear,unclear,[],[],[],0,0,,,,,,,,Inherited v3 legacy field retained for one-to-one audit mapping; v4 interpretation uses model-supported support and the v4 strict/minimal-core rules.,unclear,unclear,unclear,strict rule: all field components required for present; minimal-core rule is exploratory sensitivity only,Model-supported support is not externally calibrated and no independent second human coder was used.,unclear,unclear,unclear,unclear,Unclear,Unclear,Retained-evidence recoverability state; not organizational presence or absence,AI-assisted semantic audit with author confirmation of changed and low-confidence decisions,[URL-REMOVED],CL091,unclear,unclear,retained-documentation recoverability under author-defined rules; not organizational practice,
V25R100,DIR10,DIR10,CL091,International Data Protection Authorities issue joint statement on privacy risks of AI-generated imagery | ICO,closure,Closure basis,unclear,unclear,unclear,unclear,unclear,[],[],[],0,0,,,,,,,,Inherited v3 legacy field retained for one-to-one audit mapping; v4 interpretation uses model-supported support and the v4 strict/minimal-core rules.,unclear,unclear,unclear,strict rule: all field components required for present; minimal-core rule is exploratory sensitivity only,Model-supported support is not externally calibrated and no independent second human coder was used.,unclear,unclear,unclear,unclear,Unclear,Unclear,Retained-evidence recoverability state; not organizational presence or absence,AI-assisted semantic audit with author confirmation of changed and low-confidence decisions,[URL-REMOVED],CL091,unclear,unclear,retained-documentation recoverability under author-defined rules; not organizational practice,
